haplo.freq,locus1,locus2,allele1,allele2
0.07435,A,C,01:01,07:01
0.05002,A,C,02:01,03:04
0.04798,A,C,03:01,07:02
0.04505,A,C,02:01,05:01
0.03341,A,C,03:01,04:01
0.02381,A,C,01:01,06:02
0.0214,A,C,02:01,07:02
0.02085,A,C,24:02,07:02
0.0206,A,C,11:01,04:01
0.01655,A,C,29:02,16:01
0.01546,A,C,02:01,02:02
0.01487,A,C,25:01,12:03
0.01473,A,C,24:02,03:03
0.01382,A,C,02:01,07:01
0.01352,A,C,02:01,01:02
0.01299,A,C,11:01,03:03
0.01249,A,C,03:01,02:02
0.01172,A,C,24:02,04:01
0.01167,A,C,01:01,07:02
0.01166,A,C,11:01,07:01
0.01157,A,C,31:01,03:04
0.01156,A,C,11:01,01:02
0.01145,A,C,02:05,07:01
0.01052,A,C,02:01,12:03
0.01032,A,C,01:01,05:01
0.00997,A,C,02:01,06:02
0.00987,A,C,26:01,12:03
0.00939,A,C,03:01,08:02
0.00926,A,C,24:02,06:02
0.00922,A,C,23:01,07:01
0.00837,A,C,02:01,16:01
0.00831,A,C,33:01,08:02
0.00828,A,C,01:01,03:03
0.00825,A,C,30:01,06:02
0.00822,A,C,23:01,04:01
0.00817,A,C,02:01,14:02
0.0079,A,C,68:01,04:01
0.00735,A,C,68:02,04:01
0.00697,A,C,26:01,07:02
0.00696,A,C,68:01,03:04
0.00664,A,C,33:01,06:02
0.00664,A,C,03:01,15:02
0.00662,A,C,03:01,01:02
0.00661,A,C,31:01,15:02
0.0066,A,C,68:01,07:04
0.00647,A,C,68:01,07:02
0.00641,A,C,02:01,04:01
0.00583,A,C,31:01,07:02
0.0055,A,C,24:02,07:01
0.00537,A,C,02:01,03:03
0.00516,A,C,26:01,07:01
0.00512,A,C,32:01,04:01
0.00498,A,C,68:02,08:02
0.00498,A,C,24:02,17:01
0.00486,A,C,03:01,07:01
0.00481,A,C,33:01,04:01
0.00474,A,C,68:01,03:03
0.00469,A,C,32:01,03:04
0.00469,A,C,01:01,01:02
0.00415,A,C,23:01,07:02
0.00413,A,C,24:02,02:02
0.00383,A,C,30:02,04:01
0.00378,A,C,03:01,03:04
0.00376,A,C,01:01,12:03
0.00367,A,C,32:01,07:02
0.00354,A,C,01:01,02:02
0.0035,A,C,33:01,07:01
0.00338,A,C,30:01,04:01
0.00335,A,C,31:01,05:01
0.00334,A,C,32:01,02:02
0.00332,A,C,29:02,06:02
0.00332,A,C,29:02,12:03
0.00332,A,C,66:01,06:02
0.00332,A,C,32:01,16:02
0.00332,A,C,68:01,02:02
0.00332,A,C,24:02,03:02
0.00332,A,C,02:06,04:01
0.00332,A,C,68:01,08:01
0.00332,A,C,30:01,17:01
0.00332,A,C,30:02,05:01
0.00332,A,C,33:01,16:01
0.00286,A,C,02:01,07:04
0.00273,A,C,03:01,06:02
0.00262,A,C,11:01,03:04
0.00261,A,C,25:01,05:01
0.0025,A,C,31:01,06:02
0.00249,A,C,32:01,12:03
0.00223,A,C,30:02,07:01
0.00207,A,C,34:02,07:02
0.00206,A,C,03:01,03:03
0.00201,A,C,32:01,06:02
0.00194,A,C,32:01,05:01
0.00192,A,C,24:02,12:03
0.00183,A,C,02:05,04:01
0.00183,A,C,68:01,01:02
0.0018,A,C,11:01,14:02
0.00179,A,C,11:01,02:02
0.00177,A,C,01:01,03:04
0.00173,A,C,29:02,07:02
0.00169,A,C,02:01,15:02
0.00169,A,C,31:01,04:01
0.00166,A,C,25:01,12:02
0.00166,A,C,33:05,08:02
0.00166,A,C,02:01,06:04
0.00166,A,C,26:01,01:02
0.00166,A,C,30:02,17:01
0.00166,A,C,33:01,04:07
0.00166,A,C,68:02,16:01
0.00166,A,C,66:01,04:01
0.00166,A,C,24:02,04:03
0.00166,A,C,26:01,07:07
0.00166,A,C,01:01,18:01
0.00166,A,C,68:01,05:01
0.00166,A,C,29:02,03:08
0.00166,A,C,74:01,02:02
0.00166,A,C,29:01,16:01
0.00166,A,C,29:01,06:02
0.00166,A,C,25:01,03:04
0.00166,A,C,30:02,15:02
0.00166,A,C,02:02,06:02
0.00166,A,C,33:01,03:02
0.00166,A,C,25:01,16:01
0.00166,A,C,34:02,02:02
0.00166,A,C,36:01,06:02
0.00166,A,C,01:02,07:02
0.00166,A,C,31:01,03:03
0.00166,A,C,31:01,03:02
0.00166,A,C,02:02,07:02
0.00166,A,C,68:03,05:01
0.00166,A,C,74:01,02:10
0.00166,A,C,69:01,03:02
0.00166,A,C,23:01,02:10
0.00166,A,C,02:06,08:01
0.00166,A,C,11:01,15:02
0.00166,A,C,68:05,14:02
0.00166,A,C,30:01,07:22
0.00166,A,C,24:02,08:02
0.00166,A,C,01:01,16:02
0.00166,A,C,11:01,12:02
0.00166,A,C,31:01,17:01
0.00166,A,C,25:01,08:02
0.00166,A,C,74:01,03:04
0.00166,A,C,68:02,03:04
0.00166,A,C,02:02,17:01
0.00166,A,C,26:01,03:02
0.00166,A,C,26:01,03:14
0.00166,A,C,66:02,02:02
0.00166,A,C,30:02,16:01
0.00166,A,C,69:01,06:02
0.00166,A,C,24:07,08:01
0.00166,A,C,66:01,16:01
0.00166,A,C,11:01,06:02
0.00166,A,C,24:05,12:03
0.00166,A,C,68:01,16:01
0.00166,A,C,33:01,12:02
0.00166,A,C,23:01,08:02
0.00166,A,C,34:01,04:01
0.00166,A,C,68:01,15:02
0.00151,A,C,68:02,05:01
0.0015,A,C,03:01,07:04
0.00142,A,C,03:01,12:03
0.00126,A,C,26:01,06:02
0.00126,A,C,34:02,08:02
0.00111,A,C,68:02,07:01
0.00079,A,C,25:01,02:02
0.00067,A,C,01:01,07:04
0.00058,A,C,30:02,08:02
0.00039,A,C,68:01,08:02
0.00011,A,C,11:01,07:02
0.06189,A,B,01:01,08:01
0.04563,A,B,02:01,44:02
0.04318,A,B,03:01,07:02
0.03103,A,B,02:01,40:01
0.02761,A,B,03:01,35:01
0.01929,A,B,02:05,15:03
0.01929,A,B,24:02,53:01
0.01877,A,B,02:01,07:02
0.01776,A,B,11:01,35:01
0.01736,A,B,02:01,51:01
0.01608,A,B,01:01,57:01
0.01581,A,B,01:01,07:02
0.01538,A,B,02:01,15:01
0.01413,A,B,29:02,44:03
0.01303,A,B,24:02,07:02
0.01201,A,B,02:01,35:01
0.01125,A,B,68:02,53:01
0.01121,A,B,11:01,55:01
0.0108,A,B,25:01,18:01
0.01058,A,B,31:01,51:01
0.00994,A,B,02:01,27:03
0.00965,A,B,02:01,57:01
0.00965,A,B,26:01,38:01
0.00961,A,B,68:01,07:02
0.00941,A,B,02:01,44:03
0.00924,A,B,02:01,18:01
0.00913,A,B,24:02,15:01
0.00905,A,B,03:01,40:01
0.00904,A,B,03:01,27:03
0.00821,A,B,68:01,40:01
0.00804,A,B,02:05,49:01
0.00804,A,B,33:01,14:02
0.00723,A,B,24:02,55:01
0.00668,A,B,02:01,08:01
0.00643,A,B,24:02,40:02
0.00639,A,B,11:01,08:01
0.00637,A,B,23:01,49:01
0.00597,A,B,31:01,40:01
0.00536,A,B,01:01,44:02
0.00524,A,B,01:01,18:01
0.00494,A,B,01:01,45:01
0.00482,A,B,33:01,53:01
0.00482,A,B,68:01,44:02
0.00482,A,B,33:01,50:01
0.00482,A,B,02:01,38:01
0.00482,A,B,03:01,14:02
0.00482,A,B,24:02,35:08
0.00482,A,B,32:01,40:02
0.00482,A,B,30:01,13:02
0.00482,A,B,02:01,48:01
0.00474,A,B,01:01,50:01
0.00469,A,B,03:01,51:01
0.00464,A,B,29:02,07:02
0.00448,A,B,01:01,40:01
0.00431,A,B,03:01,27:05
0.00414,A,B,03:01,14:01
0.00404,A,B,11:01,51:01
0.00388,A,B,11:01,27:03
0.00365,A,B,11:01,18:01
0.00361,A,B,26:01,08:01
0.00353,A,B,68:01,51:01
0.00343,A,B,68:01,35:01
0.00342,A,B,01:01,35:01
0.00335,A,B,03:01,45:01
0.00326,A,B,01:01,55:01
0.00324,A,B,25:01,44:02
0.00322,A,B,03:01,56:01
0.00322,A,B,32:01,35:01
0.00322,A,B,24:02,14:02
0.00322,A,B,01:01,27:05
0.00322,A,B,68:01,35:02
0.00322,A,B,23:01,35:01
0.00322,A,B,66:01,58:02
0.00322,A,B,32:01,50:01
0.00322,A,B,11:01,38:01
0.00322,A,B,02:01,58:01
0.00322,A,B,30:01,53:01
0.00322,A,B,74:01,15:03
0.00322,A,B,23:01,53:01
0.00322,A,B,24:02,41:02
0.00322,A,B,24:02,13:02
0.00322,A,B,31:01,58:01
0.00322,A,B,30:01,58:01
0.00322,A,B,30:02,18:01
0.00322,A,B,03:01,49:01
0.00322,A,B,11:01,56:01
0.00322,A,B,26:01,56:01
0.00322,A,B,24:02,44:03
0.00322,A,B,32:01,51:01
0.00308,A,B,01:01,15:01
0.00286,A,B,23:01,45:01
0.00283,A,B,68:01,15:01
0.00282,A,B,26:01,07:02
0.00279,A,B,01:01,27:03
0.00275,A,B,31:01,15:01
0.00241,A,B,24:02,07:05
0.00241,A,B,26:01,55:01
0.00226,A,B,03:01,15:01
0.00216,A,B,01:01,44:03
0.00206,A,B,25:01,40:01
0.00202,A,B,23:01,07:02
0.00194,A,B,11:01,44:02
0.00184,A,B,29:02,45:01
0.00181,A,B,29:02,08:01
0.0018,A,B,01:01,35:02
0.00178,A,B,11:01,40:01
0.00174,A,B,33:01,07:02
0.00173,A,B,24:02,40:01
0.0017,A,B,24:02,44:02
0.00169,A,B,25:01,35:01
0.00169,A,B,29:02,50:01
0.00168,A,B,24:02,27:03
0.00167,A,B,03:01,52:01
0.00167,A,B,30:02,07:02
0.00167,A,B,24:02,49:01
0.00163,A,B,03:01,44:03
0.00161,A,B,32:01,39:01
0.00161,A,B,01:01,49:01
0.00161,A,B,30:02,41:01
0.00161,A,B,30:02,44:03
0.00161,A,B,23:01,38:01
0.00161,A,B,34:02,51:01
0.00161,A,B,66:01,35:01
0.00161,A,B,26:01,27:05
0.00161,A,B,25:01,15:01
0.00161,A,B,30:02,14:02
0.00161,A,B,24:02,27:04
0.00161,A,B,31:01,39:06
0.00161,A,B,31:01,07:02
0.00161,A,B,03:01,37:01
0.00161,A,B,24:07,15:02
0.00161,A,B,01:01,53:01
0.00161,A,B,32:01,51:08
0.00161,A,B,02:01,15:03
0.00161,A,B,03:01,47:01
0.00161,A,B,33:01,78:01
0.00161,A,B,26:01,49:01
0.00161,A,B,29:01,44:03
0.00161,A,B,02:01,44:05
0.00161,A,B,30:02,51:01
0.00161,A,B,11:01,13:02
0.00161,A,B,02:02,44:05
0.00161,A,B,24:02,57:01
0.00161,A,B,24:02,39:06
0.00161,A,B,33:01,15:16
0.00161,A,B,11:01,15:32
0.00161,A,B,02:06,40:02
0.00161,A,B,31:01,35:32
0.00161,A,B,34:02,15:03
0.00161,A,B,36:01,45:01
0.00161,A,B,68:01,50:01
0.00161,A,B,32:01,15:01
0.00161,A,B,01:02,49:01
0.00161,A,B,30:01,50:01
0.00161,A,B,24:05,39:01
0.00161,A,B,68:01,49:01
0.00161,A,B,68:01,13:02
0.00161,A,B,34:02,39:06
0.00161,A,B,02:02,58:01
0.00161,A,B,11:01,27:02
0.00161,A,B,02:01,57:03
0.00161,A,B,33:01,52:01
0.00161,A,B,02:06,44:02
0.00161,A,B,68:03,35:17
0.00161,A,B,29:01,45:01
0.00161,A,B,02:05,42:01
0.00161,A,B,69:01,58:01
0.00161,A,B,23:01,35:02
0.00161,A,B,29:02,18:01
0.00161,A,B,23:01,14:01
0.00161,A,B,68:02,15:03
0.00161,A,B,02:01,35:17
0.00161,A,B,68:01,15:15
0.00161,A,B,02:06,15:30
0.00161,A,B,30:01,41:01
0.00161,A,B,68:05,40:08
0.00161,A,B,68:02,14:02
0.00161,A,B,03:01,27:02
0.00161,A,B,03:01,57:02
0.00161,A,B,11:01,52:01
0.00161,A,B,02:05,35:02
0.00161,A,B,66:01,57:01
0.00161,A,B,31:01,39:02
0.00161,A,B,31:01,41:01
0.00161,A,B,30:02,57:03
0.00161,A,B,26:01,39:06
0.00161,A,B,25:01,58:01
0.00161,A,B,26:01,14:01
0.00161,A,B,74:01,15:10
0.00161,A,B,34:01,51:01
0.00161,A,B,68:02,15:10
0.00161,A,B,02:02,41:01
0.00161,A,B,31:01,39:01
0.00161,A,B,25:01,55:01
0.00161,A,B,69:01,13:02
0.00161,A,B,23:01,51:01
0.00161,A,B,32:01,56:01
0.00161,A,B,24:02,15:17
0.00161,A,B,33:01,41:01
0.00161,A,B,33:05,14:02
0.00161,A,B,68:01,56:01
0.00161,A,B,24:02,15:06
0.00161,A,B,24:02,39:10
0.00161,A,B,24:02,35:02
0.00161,A,B,33:01,58:02
0.00161,A,B,31:01,13:02
0.00161,A,B,33:01,82:01
0.00161,A,B,31:01,35:08
0.00161,A,B,68:02,44:02
0.00161,A,B,66:02,27:05
0.00161,A,B,32:01,55:01
0.00161,A,B,32:01,40:05
0.00161,A,B,24:02,81:01
0.00159,A,B,02:01,27:05
0.00156,A,B,11:01,15:01
0.00154,A,B,30:02,52:01
0.00149,A,B,25:01,27:05
0.00147,A,B,33:01,45:01
0.00141,A,B,02:01,35:02
0.00084,A,B,11:01,07:02
8.00E-04,A,B,26:01,07:05
0.00069,A,B,68:01,14:01
0.00065,A,B,68:01,27:05
0.06473,A,DRB1,01:01,03:01
0.04306,A,DRB1,03:01,15:01
0.02957,A,DRB1,03:01,01:01
0.02775,A,DRB1,01:01,07:01
0.02769,A,DRB1,02:01,03:01
0.02693,A,DRB1,02:01,04:01
0.0222,A,DRB1,02:01,15:01
0.02099,A,DRB1,24:02,11:04
0.0178,A,DRB1,02:05,10:01
0.01542,A,DRB1,02:01,11:01
0.015,A,DRB1,02:01,07:01
0.01485,A,DRB1,24:02,13:01
0.01432,A,DRB1,11:01,01:01
0.01398,A,DRB1,02:01,01:01
0.01083,A,DRB1,24:02,04:01
0.01081,A,DRB1,02:01,14:01
0.01024,A,DRB1,29:02,07:01
0.00959,A,DRB1,02:01,08:01
0.00953,A,DRB1,11:01,13:02
0.00932,A,DRB1,01:01,04:01
0.00914,A,DRB1,03:01,03:01
0.00884,A,DRB1,24:02,11:01
0.00872,A,DRB1,03:01,04:01
0.00867,A,DRB1,31:01,04:04
0.00809,A,DRB1,02:01,12:01
0.00804,A,DRB1,33:01,11:01
0.00802,A,DRB1,25:01,04:01
0.00749,A,DRB1,31:01,15:01
0.00745,A,DRB1,02:01,13:02
0.00735,A,DRB1,02:01,13:01
0.0068,A,DRB1,29:02,03:01
0.0067,A,DRB1,02:01,04:07
0.00666,A,DRB1,03:01,04:04
0.00647,A,DRB1,24:02,14:01
0.00624,A,DRB1,02:01,04:03
0.00616,A,DRB1,24:02,15:01
0.0061,A,DRB1,68:01,07:01
0.00609,A,DRB1,32:01,15:01
0.00606,A,DRB1,26:01,13:01
0.00591,A,DRB1,03:01,16:01
0.0059,A,DRB1,68:01,04:01
0.00586,A,DRB1,11:01,13:01
0.00567,A,DRB1,02:01,11:04
0.00542,A,DRB1,03:01,13:01
0.00523,A,DRB1,01:01,01:01
0.00507,A,DRB1,26:01,08:01
0.00485,A,DRB1,68:02,13:03
0.00485,A,DRB1,24:02,01:02
0.00485,A,DRB1,30:02,15:03
0.00485,A,DRB1,23:01,13:03
0.00485,A,DRB1,33:01,04:07
0.00485,A,DRB1,68:01,08:02
0.00485,A,DRB1,26:01,13:02
0.00481,A,DRB1,11:01,07:01
0.00481,A,DRB1,33:01,07:01
0.00476,A,DRB1,23:01,15:01
0.00464,A,DRB1,33:01,15:01
0.0046,A,DRB1,24:02,07:01
0.00459,A,DRB1,11:01,01:03
0.00455,A,DRB1,02:01,11:03
0.0045,A,DRB1,68:01,08:01
0.00436,A,DRB1,24:02,03:01
0.00434,A,DRB1,01:01,13:02
0.00428,A,DRB1,32:01,11:01
0.00417,A,DRB1,02:01,16:01
0.0041,A,DRB1,01:01,15:01
0.00408,A,DRB1,03:01,11:04
0.00398,A,DRB1,25:01,13:01
0.00395,A,DRB1,02:01,04:04
0.00375,A,DRB1,03:01,14:01
0.00359,A,DRB1,01:01,04:04
0.00353,A,DRB1,68:01,04:04
0.00324,A,DRB1,30:01,07:01
0.00324,A,DRB1,02:01,11:02
0.00324,A,DRB1,30:02,13:02
0.00324,A,DRB1,68:01,13:02
0.00324,A,DRB1,01:01,08:01
0.00324,A,DRB1,26:01,04:04
0.00324,A,DRB1,11:01,14:01
0.00324,A,DRB1,31:01,08:02
0.00324,A,DRB1,01:01,09:01
0.00324,A,DRB1,68:01,11:02
0.00324,A,DRB1,29:01,07:01
0.00324,A,DRB1,30:01,04:01
0.00324,A,DRB1,23:01,01:01
0.00324,A,DRB1,68:02,01:02
0.00324,A,DRB1,32:01,14:02
0.00324,A,DRB1,02:05,04:05
0.00324,A,DRB1,24:02,13:03
0.00324,A,DRB1,11:01,15:02
0.00324,A,DRB1,66:01,07:01
0.00319,A,DRB1,25:01,07:01
0.00318,A,DRB1,68:01,12:01
0.00306,A,DRB1,31:01,11:01
0.00304,A,DRB1,68:01,11:01
0.00301,A,DRB1,11:01,04:07
0.003,A,DRB1,11:01,04:04
0.00294,A,DRB1,11:01,12:01
0.00287,A,DRB1,24:02,16:01
0.00276,A,DRB1,26:01,07:01
0.00275,A,DRB1,68:01,15:01
0.00254,A,DRB1,24:02,04:03
0.00251,A,DRB1,03:01,07:01
0.00249,A,DRB1,25:01,04:04
0.00227,A,DRB1,32:01,07:01
0.00221,A,DRB1,03:01,11:01
0.0021,A,DRB1,26:01,03:01
0.0021,A,DRB1,29:02,04:04
0.00209,A,DRB1,11:01,15:01
0.00204,A,DRB1,11:01,11:01
0.00196,A,DRB1,11:01,04:01
0.00193,A,DRB1,01:01,04:03
0.00192,A,DRB1,01:01,11:03
0.00191,A,DRB1,32:01,12:01
0.00189,A,DRB1,03:01,01:03
0.00188,A,DRB1,11:01,08:01
0.0018,A,DRB1,26:01,04:01
0.0018,A,DRB1,31:01,13:02
0.00175,A,DRB1,68:01,13:01
0.00174,A,DRB1,25:01,15:01
0.00171,A,DRB1,29:02,15:01
0.00171,A,DRB1,23:01,07:01
0.00168,A,DRB1,31:01,03:01
0.00167,A,DRB1,03:01,12:01
0.00166,A,DRB1,01:01,12:01
0.00164,A,DRB1,01:01,13:01
0.00162,A,DRB1,33:05,01:02
0.00162,A,DRB1,68:02,09:01
0.00162,A,DRB1,68:02,07:01
0.00162,A,DRB1,30:02,03:01
0.00162,A,DRB1,23:01,11:02
0.00162,A,DRB1,66:01,11:02
0.00162,A,DRB1,02:05,11:04
0.00162,A,DRB1,02:01,14:02
0.00162,A,DRB1,24:02,08:02
0.00162,A,DRB1,11:01,04:02
0.00162,A,DRB1,03:01,04:02
0.00162,A,DRB1,24:02,04:07
0.00162,A,DRB1,26:01,01:01
0.00162,A,DRB1,33:01,15:03
0.00162,A,DRB1,68:02,08:04
0.00162,A,DRB1,02:05,04:03
0.00162,A,DRB1,24:07,12:02
0.00162,A,DRB1,30:01,09:01
0.00162,A,DRB1,32:01,14:20
0.00162,A,DRB1,02:01,15:03
0.00162,A,DRB1,74:01,15:03
0.00162,A,DRB1,25:01,11:03
0.00162,A,DRB1,33:01,14:01
0.00162,A,DRB1,02:05,04:02
0.00162,A,DRB1,30:02,11:04
0.00162,A,DRB1,02:02,16:01
0.00162,A,DRB1,31:01,11:04
0.00162,A,DRB1,23:01,14:06
0.00162,A,DRB1,25:01,11:02
0.00162,A,DRB1,02:06,14:06
0.00162,A,DRB1,31:01,04:07
0.00162,A,DRB1,34:02,13:02
0.00162,A,DRB1,36:01,11:01
0.00162,A,DRB1,01:02,09:01
0.00162,A,DRB1,29:02,13:03
0.00162,A,DRB1,24:05,16:01
0.00162,A,DRB1,68:01,04:03
0.00162,A,DRB1,34:02,04:05
0.00162,A,DRB1,03:01,04:05
0.00162,A,DRB1,02:02,11:01
0.00162,A,DRB1,33:01,15:02
0.00162,A,DRB1,32:01,08:01
0.00162,A,DRB1,66:01,14:01
0.00162,A,DRB1,33:01,03:02
0.00162,A,DRB1,02:06,04:02
0.00162,A,DRB1,68:03,08:02
0.00162,A,DRB1,02:05,08:04
0.00162,A,DRB1,30:01,11:02
0.00162,A,DRB1,32:01,11:02
0.00162,A,DRB1,74:01,11:02
0.00162,A,DRB1,31:01,01:03
0.00162,A,DRB1,69:01,03:01
0.00162,A,DRB1,32:01,10:01
0.00162,A,DRB1,02:01,10:01
0.00162,A,DRB1,01:01,11:04
0.00162,A,DRB1,29:02,11:04
0.00162,A,DRB1,23:01,10:01
0.00162,A,DRB1,26:01,04:23
0.00162,A,DRB1,68:02,11:01
0.00162,A,DRB1,02:01,04:11
0.00162,A,DRB1,02:06,04:03
0.00162,A,DRB1,03:01,04:08
0.00162,A,DRB1,31:01,04:08
0.00162,A,DRB1,68:05,04:03
0.00162,A,DRB1,24:02,08:06
0.00162,A,DRB1,01:01,04:02
0.00162,A,DRB1,68:02,15:01
0.00162,A,DRB1,30:02,01:02
0.00162,A,DRB1,30:01,04:02
0.00162,A,DRB1,23:01,15:03
0.00162,A,DRB1,02:05,13:05
0.00162,A,DRB1,68:01,01:03
0.00162,A,DRB1,11:01,09:01
0.00162,A,DRB1,30:01,11:01
0.00162,A,DRB1,74:01,12:01
0.00162,A,DRB1,34:01,04:05
0.00162,A,DRB1,66:02,13:02
0.00162,A,DRB1,01:01,04:05
0.00162,A,DRB1,25:01,04:07
0.00162,A,DRB1,23:01,08:03
0.00162,A,DRB1,30:01,13:01
0.00162,A,DRB1,23:01,14:01
0.00162,A,DRB1,33:01,11:03
0.00162,A,DRB1,34:02,15:03
0.00162,A,DRB1,02:01,04:05
0.00162,A,DRB1,02:05,15:02
0.00162,A,DRB1,68:02,16:01
0.00162,A,DRB1,02:02,04:05
0.00162,A,DRB1,30:02,13:03
0.00162,A,DRB1,69:01,07:01
0.00162,A,DRB1,31:01,04:03
0.00157,A,DRB1,31:01,12:01
0.00116,A,DRB1,29:02,13:02
0.00064,A,DRB1,29:02,04:01
0.00062,A,DRB1,11:01,04:03
0.00031,A,DRB1,33:01,04:01
0.06972,A,DQA1,01:01,05:01
0.05833,A,DQA1,02:01,05:01
0.0467,A,DQA1,02:01,03:01
0.04476,A,DQA1,03:01,01:02
0.03854,A,DQA1,03:01,01:01
0.03474,A,DQA1,02:01,01:01
0.03023,A,DQA1,02:01,01:02
0.02891,A,DQA1,03:01,03:01
0.02479,A,DQA1,01:01,02:01
0.02329,A,DQA1,02:01,02:01
0.02253,A,DQA1,11:01,01:01
0.02044,A,DQA1,01:01,03:01
0.01964,A,DQA1,24:02,03:01
0.01906,A,DQA1,24:02,05:01
0.0161,A,DQA1,32:01,05:01
0.01522,A,DQA1,31:01,03:01
0.01512,A,DQA1,24:02,01:03
0.01394,A,DQA1,01:01,01:01
0.01316,A,DQA1,24:02,01:02
0.01312,A,DQA1,01:01,01:02
0.01288,A,DQA1,11:01,05:01
0.01268,A,DQA1,68:01,03:01
0.01192,A,DQA1,11:01,03:01
0.01129,A,DQA1,25:01,03:01
0.01106,A,DQA1,33:01,05:01
0.01103,A,DQA1,29:02,02:01
0.011,A,DQA1,11:01,01:02
0.01087,A,DQA1,02:01,04:01
0.01085,A,DQA1,02:01,01:03
0.01029,A,DQA1,30:02,01:02
0.01003,A,DQA1,03:01,05:01
0.00991,A,DQA1,31:01,05:01
0.00959,A,DQA1,29:02,05:01
0.0094,A,DQA1,23:01,01:02
0.00923,A,DQA1,31:01,01:02
0.00909,A,DQA1,24:02,01:01
0.00871,A,DQA1,68:01,01:02
0.00769,A,DQA1,23:01,05:01
0.00729,A,DQA1,68:01,05:01
0.00718,A,DQA1,26:01,01:02
0.00669,A,DQA1,03:01,01:03
0.00667,A,DQA1,02:05,03:01
0.00667,A,DQA1,68:02,02:01
0.00647,A,DQA1,11:01,01:03
0.00628,A,DQA1,68:01,04:01
0.00617,A,DQA1,25:01,01:03
0.00611,A,DQA1,26:01,03:01
0.00589,A,DQA1,32:01,01:02
0.005,A,DQA1,30:01,01:01
0.005,A,DQA1,02:02,01:02
0.005,A,DQA1,02:05,05:01
0.005,A,DQA1,02:06,03:01
0.00497,A,DQA1,33:01,02:01
0.00479,A,DQA1,68:01,02:01
0.00471,A,DQA1,30:02,05:01
0.00471,A,DQA1,25:01,02:01
0.00467,A,DQA1,01:01,04:01
0.00447,A,DQA1,30:01,03:01
0.00446,A,DQA1,33:01,01:02
0.0044,A,DQA1,03:01,02:01
0.00438,A,DQA1,26:01,01:03
0.00425,A,DQA1,23:01,01:01
0.00411,A,DQA1,68:02,01:02
0.0041,A,DQA1,33:01,04:01
0.00394,A,DQA1,66:01,05:01
0.00393,A,DQA1,24:02,02:01
0.00379,A,DQA1,68:02,01:01
0.00377,A,DQA1,68:02,05:01
0.00335,A,DQA1,29:02,03:01
0.00333,A,DQA1,34:02,01:02
0.00333,A,DQA1,74:01,01:02
0.00333,A,DQA1,29:01,02:01
0.00332,A,DQA1,26:01,05:01
0.00323,A,DQA1,68:01,01:01
0.0031,A,DQA1,30:01,05:01
0.00283,A,DQA1,33:01,01:01
0.00283,A,DQA1,25:01,05:01
0.0028,A,DQA1,26:01,02:01
0.00272,A,DQA1,66:01,02:01
0.00271,A,DQA1,29:02,01:02
0.00263,A,DQA1,33:01,03:01
0.00248,A,DQA1,26:01,04:01
0.00243,A,DQA1,30:01,01:02
0.00242,A,DQA1,32:01,02:01
0.00231,A,DQA1,31:01,04:01
0.00206,A,DQA1,26:01,01:01
0.00204,A,DQA1,11:01,04:01
0.002,A,DQA1,23:01,02:01
0.00167,A,DQA1,33:05,02:01
0.00167,A,DQA1,68:01,06:01
0.00167,A,DQA1,24:07,06:01
0.00167,A,DQA1,36:01,01:02
0.00167,A,DQA1,01:02,03:01
0.00167,A,DQA1,24:05,01:02
0.00167,A,DQA1,02:05,01:02
0.00167,A,DQA1,74:01,05:01
0.00167,A,DQA1,69:01,05:01
0.00167,A,DQA1,68:05,03:01
0.00167,A,DQA1,69:01,02:01
0.00167,A,DQA1,26:01,04:02
0.00167,A,DQA1,68:01,04:02
0.00167,A,DQA1,68:03,04:01
0.00167,A,DQA1,23:01,06:01
0.00167,A,DQA1,34:01,01:01
0.00167,A,DQA1,66:02,01:02
0.00167,A,DQA1,34:02,03:01
0.00162,A,DQA1,33:01,01:03
0.0015,A,DQA1,11:01,02:01
0.00059,A,DQA1,32:01,04:01
0.00036,A,DQA1,68:01,01:03
0.07855,A,DQB1,01:01,02:01
0.06484,A,DQB1,02:01,03:01
0.03955,A,DQB1,03:01,06:02
0.03899,A,DQB1,03:01,05:01
0.03881,A,DQB1,02:01,02:01
0.0274,A,DQB1,02:01,05:01
0.02235,A,DQB1,02:01,06:02
0.02032,A,DQB1,02:01,03:02
0.01943,A,DQB1,01:01,03:03
0.01942,A,DQB1,68:01,03:01
0.01848,A,DQB1,29:02,02:01
0.01815,A,DQB1,11:01,05:01
0.01737,A,DQB1,24:02,03:01
0.01553,A,DQB1,03:01,03:01
0.01397,A,DQB1,03:01,02:01
0.0132,A,DQB1,33:01,03:01
0.01314,A,DQB1,11:01,03:02
0.01279,A,DQB1,03:01,03:02
0.01271,A,DQB1,31:01,03:01
0.0124,A,DQB1,24:02,06:03
0.01214,A,DQB1,01:01,03:01
0.01172,A,DQB1,32:01,03:01
0.01171,A,DQB1,02:01,05:03
0.0115,A,DQB1,24:02,05:03
0.01143,A,DQB1,02:01,04:02
0.01052,A,DQB1,24:02,03:02
0.0101,A,DQB1,31:01,03:02
0.01003,A,DQB1,23:01,03:01
0.01001,A,DQB1,01:01,05:01
0.00971,A,DQB1,68:02,02:01
0.0096,A,DQB1,01:01,03:02
0.00836,A,DQB1,23:01,06:02
0.00828,A,DQB1,68:01,04:02
0.00808,A,DQB1,31:01,06:02
0.00786,A,DQB1,30:02,06:02
0.00785,A,DQB1,25:01,03:01
0.00771,A,DQB1,11:01,03:01
0.00771,A,DQB1,24:02,02:01
0.00735,A,DQB1,01:01,06:02
0.00722,A,DQB1,11:01,06:03
0.00669,A,DQB1,26:01,03:02
0.00669,A,DQB1,02:05,03:01
0.0065,A,DQB1,24:02,05:02
0.00622,A,DQB1,11:01,02:01
0.00618,A,DQB1,02:01,06:03
0.00599,A,DQB1,24:02,05:01
0.00583,A,DQB1,03:01,05:02
0.00582,A,DQB1,25:01,03:02
0.00564,A,DQB1,24:02,06:02
0.00551,A,DQB1,02:01,05:02
0.00551,A,DQB1,02:01,06:04
0.00546,A,DQB1,32:01,02:01
0.00545,A,DQB1,33:01,06:02
0.00543,A,DQB1,03:01,06:03
0.00523,A,DQB1,11:01,06:04
0.00511,A,DQB1,26:01,02:01
0.00502,A,DQB1,30:01,05:01
0.00502,A,DQB1,02:05,03:02
0.00502,A,DQB1,26:01,06:03
0.00502,A,DQB1,26:01,04:02
0.00502,A,DQB1,02:06,03:02
0.00498,A,DQB1,11:01,05:03
0.00492,A,DQB1,26:01,06:04
0.00488,A,DQB1,68:01,06:02
0.0048,A,DQB1,25:01,02:01
0.00467,A,DQB1,01:01,06:04
0.00455,A,DQB1,25:01,06:03
0.00435,A,DQB1,29:02,03:01
0.00414,A,DQB1,32:01,06:02
0.00392,A,DQB1,68:01,02:01
0.00371,A,DQB1,01:01,04:02
0.00371,A,DQB1,68:01,06:04
0.00368,A,DQB1,68:01,03:02
0.00365,A,DQB1,68:02,05:01
0.00354,A,DQB1,33:01,02:01
0.00334,A,DQB1,23:01,05:03
0.00334,A,DQB1,34:02,06:02
0.00334,A,DQB1,74:01,06:02
0.00334,A,DQB1,30:01,03:01
0.00334,A,DQB1,02:02,06:02
0.00334,A,DQB1,69:01,02:01
0.00334,A,DQB1,30:01,03:02
0.00334,A,DQB1,66:01,03:03
0.00334,A,DQB1,66:01,03:01
0.00334,A,DQB1,31:01,06:05
0.00313,A,DQB1,30:02,06:04
0.00284,A,DQB1,33:01,05:01
0.00264,A,DQB1,24:02,03:03
0.00256,A,DQB1,31:01,04:02
0.00245,A,DQB1,68:02,06:02
0.00234,A,DQB1,33:01,04:02
0.00222,A,DQB1,29:01,02:01
0.00222,A,DQB1,11:01,06:02
0.00218,A,DQB1,33:01,03:02
0.00217,A,DQB1,30:02,02:01
0.00211,A,DQB1,68:02,03:01
0.00207,A,DQB1,25:01,06:02
0.00203,A,DQB1,11:01,04:02
0.00192,A,DQB1,68:01,05:03
0.00188,A,DQB1,30:02,03:03
0.00167,A,DQB1,33:05,02:01
0.00167,A,DQB1,29:02,06:02
0.00167,A,DQB1,24:07,03:01
0.00167,A,DQB1,02:02,03:03
0.00167,A,DQB1,36:01,06:05
0.00167,A,DQB1,01:02,02:01
0.00167,A,DQB1,24:05,05:02
0.00167,A,DQB1,34:02,03:02
0.00167,A,DQB1,03:01,06:05
0.00167,A,DQB1,02:05,06:01
0.00167,A,DQB1,33:01,06:01
0.00167,A,DQB1,68:03,04:02
0.00167,A,DQB1,74:01,03:01
0.00167,A,DQB1,26:01,03:04
0.00167,A,DQB1,68:05,03:02
0.00167,A,DQB1,26:01,06:05
0.00167,A,DQB1,34:01,05:01
0.00167,A,DQB1,66:02,06:04
0.00167,A,DQB1,23:01,03:03
0.00167,A,DQB1,30:01,03:03
0.00167,A,DQB1,01:01,06:01
0.00167,A,DQB1,32:01,03:03
0.00167,A,DQB1,11:01,03:03
0.00167,A,DQB1,23:01,06:05
0.00167,A,DQB1,30:01,06:03
0.00141,A,DQB1,32:01,04:02
0.00112,A,DQB1,29:01,03:03
0.001,A,DQB1,68:01,06:03
0.00068,A,DQB1,32:01,06:04
0.00057,A,DQB1,29:02,06:04
0.00055,A,DQB1,33:01,05:02
0.00048,A,DQB1,68:02,03:02
0.09458,A,DPB1,02:01,04:01
0.08983,A,DPB1,03:01,04:01
0.05361,A,DPB1,01:01,04:01
0.04396,A,DPB1,02:01,04:02
0.03501,A,DPB1,01:01,01:01
0.02679,A,DPB1,11:01,04:01
0.02366,A,DPB1,02:01,02:01
0.02167,A,DPB1,02:01,03:01
0.02009,A,DPB1,24:02,04:01
0.01858,A,DPB1,24:02,02:01
0.01692,A,DPB1,24:02,04:02
0.01674,A,DPB1,01:01,03:01
0.01512,A,DPB1,03:01,03:01
0.01405,A,DPB1,68:01,04:01
0.01404,A,DPB1,01:01,02:01
0.01404,A,DPB1,26:01,04:01
0.01363,A,DPB1,33:01,04:01
0.01336,A,DPB1,29:02,04:01
0.01326,A,DPB1,01:01,04:02
0.01325,A,DPB1,11:01,03:01
0.01168,A,DPB1,02:01,01:01
0.01049,A,DPB1,11:01,02:01
0.01014,A,DPB1,25:01,04:01
0.01,A,DPB1,68:02,01:01
0.00989,A,DPB1,11:01,04:02
0.00905,A,DPB1,03:01,02:01
0.00899,A,DPB1,31:01,04:02
0.00826,A,DPB1,32:01,04:01
0.00798,A,DPB1,31:01,04:01
0.00743,A,DPB1,31:01,02:01
0.00667,A,DPB1,33:01,01:01
0.00664,A,DPB1,02:01,05:01
0.00649,A,DPB1,68:01,04:02
0.00623,A,DPB1,24:02,03:01
0.00593,A,DPB1,25:01,04:02
0.00584,A,DPB1,24:02,01:01
0.00569,A,DPB1,32:01,03:01
0.00567,A,DPB1,30:02,04:01
0.00554,A,DPB1,68:01,01:01
0.00525,A,DPB1,03:01,17:01
0.005,A,DPB1,30:01,02:01
0.00483,A,DPB1,29:02,01:01
0.00475,A,DPB1,68:01,17:01
0.00455,A,DPB1,02:05,04:01
0.00455,A,DPB1,11:01,10:01
0.00454,A,DPB1,23:01,10:01
0.0045,A,DPB1,24:02,09:02
0.00439,A,DPB1,23:01,04:02
0.00435,A,DPB1,01:01,05:01
0.00383,A,DPB1,68:01,02:01
0.00365,A,DPB1,02:01,15:01
0.00364,A,DPB1,32:01,02:01
0.00343,A,DPB1,23:01,04:01
0.00341,A,DPB1,01:01,10:01
0.00334,A,DPB1,26:01,04:02
0.00333,A,DPB1,01:01,14:01
0.00333,A,DPB1,68:02,17:01
0.00333,A,DPB1,34:02,18:01
0.00333,A,DPB1,68:02,04:02
0.00333,A,DPB1,33:01,09:02
0.00333,A,DPB1,29:01,04:01
0.00333,A,DPB1,26:01,14:01
0.00333,A,DPB1,02:01,02:02
0.00333,A,DPB1,31:01,09:02
0.00333,A,DPB1,24:02,14:01
0.00333,A,DPB1,02:06,04:02
0.00333,A,DPB1,68:01,06:01
0.00333,A,DPB1,03:01,09:02
0.00333,A,DPB1,26:01,17:01
0.00333,A,DPB1,03:01,06:01
0.00321,A,DPB1,25:01,01:01
0.00321,A,DPB1,29:02,11:01
0.00307,A,DPB1,30:02,02:01
0.00292,A,DPB1,30:02,03:01
0.00292,A,DPB1,01:01,06:01
0.00291,A,DPB1,68:01,05:01
0.00288,A,DPB1,02:05,04:02
0.00283,A,DPB1,31:01,20:01
0.00272,A,DPB1,32:01,04:02
0.00257,A,DPB1,02:05,02:01
0.00249,A,DPB1,02:01,10:01
0.00224,A,DPB1,29:02,17:01
0.00217,A,DPB1,68:01,20:01
0.00196,A,DPB1,03:01,05:01
0.00196,A,DPB1,03:01,01:01
0.0019,A,DPB1,30:01,01:01
0.00189,A,DPB1,23:01,05:01
0.0018,A,DPB1,29:02,02:01
0.00179,A,DPB1,03:01,11:01
0.00172,A,DPB1,26:01,02:01
0.0017,A,DPB1,11:01,01:01
0.00169,A,DPB1,03:01,10:01
0.00167,A,DPB1,31:01,06:01
0.00167,A,DPB1,30:01,04:02
0.00167,A,DPB1,33:05,14:01
0.00167,A,DPB1,23:01,01:01
0.00167,A,DPB1,66:01,01:01
0.00167,A,DPB1,02:01,09:01
0.00167,A,DPB1,33:01,27:01
0.00167,A,DPB1,30:01,10:01
0.00167,A,DPB1,30:01,40:01
0.00167,A,DPB1,74:01,18:01
0.00167,A,DPB1,02:01,30:01
0.00167,A,DPB1,23:01,27:01
0.00167,A,DPB1,66:01,11:01
0.00167,A,DPB1,11:01,17:01
0.00167,A,DPB1,02:02,04:01
0.00167,A,DPB1,33:01,14:01
0.00167,A,DPB1,02:06,14:01
0.00167,A,DPB1,36:01,11:01
0.00167,A,DPB1,32:01,16:01
0.00167,A,DPB1,01:02,18:01
0.00167,A,DPB1,30:02,17:01
0.00167,A,DPB1,24:05,08:02
0.00167,A,DPB1,31:01,11:01
0.00167,A,DPB1,34:02,04:01
0.00167,A,DPB1,02:02,02:01
0.00167,A,DPB1,66:01,10:01
0.00167,A,DPB1,33:01,17:01
0.00167,A,DPB1,68:03,05:01
0.00167,A,DPB1,02:05,11:01
0.00167,A,DPB1,69:01,03:01
0.00167,A,DPB1,23:01,03:01
0.00167,A,DPB1,25:01,14:01
0.00167,A,DPB1,68:05,04:02
0.00167,A,DPB1,31:01,13:02
0.00167,A,DPB1,66:01,02:01
0.00167,A,DPB1,26:01,11:01
0.00167,A,DPB1,02:05,17:01
0.00167,A,DPB1,74:01,17:01
0.00167,A,DPB1,34:01,01:01
0.00167,A,DPB1,23:01,15:01
0.00167,A,DPB1,68:02,10:01
0.00167,A,DPB1,02:02,08:02
0.00167,A,DPB1,66:02,06:01
0.00167,A,DPB1,25:01,06:01
0.00167,A,DPB1,24:02,26:01
0.00167,A,DPB1,68:01,09:01
0.00167,A,DPB1,24:07,04:02
0.00167,A,DPB1,24:02,08:02
0.00167,A,DPB1,74:01,09:02
0.00167,A,DPB1,30:01,09:02
0.00167,A,DPB1,33:01,20:01
0.00167,A,DPB1,30:02,02:02
0.00167,A,DPB1,23:01,14:01
0.00167,A,DPB1,26:01,09:01
0.00167,A,DPB1,68:01,14:01
0.00167,A,DPB1,32:01,11:01
0.00167,A,DPB1,69:01,17:01
0.00145,A,DPB1,25:01,03:01
0.00143,A,DPB1,30:01,05:01
0.00137,A,DPB1,33:01,05:01
0.00135,A,DPB1,32:01,15:01
0.00123,A,DPB1,29:02,04:02
0.00118,A,DPB1,24:02,06:01
0.00111,A,DPB1,31:01,05:01
0.00109,A,DPB1,23:01,17:01
0.00093,A,DPB1,25:01,02:01
9.00E-04,A,DPB1,26:01,06:01
0.00083,A,DPB1,23:01,02:01
5.00E-04,A,DPB1,23:01,09:02
0.00025,A,DPB1,68:01,03:01
0.11833,C,B,07:02,07:02
0.08166,C,B,07:01,08:01
0.0675,C,B,04:01,35:01
0.05996,C,B,03:04,40:01
0.05667,C,B,05:01,44:02
0.02667,C,B,06:02,57:01
0.02667,C,B,07:01,49:01
0.025,C,B,03:03,55:01
0.0225,C,B,04:01,53:01
0.02167,C,B,16:01,44:03
0.02,C,B,08:02,14:02
0.01833,C,B,12:03,38:01
0.01833,C,B,15:02,51:01
0.01829,C,B,03:03,15:01
0.01671,C,B,03:04,15:01
0.01667,C,B,06:02,50:01
0.01667,C,B,12:03,18:01
0.015,C,B,06:02,13:02
0.01453,C,B,02:02,27:03
0.01333,C,B,06:02,45:01
0.01214,C,B,01:02,27:03
0.01167,C,B,14:02,51:01
0.01167,C,B,01:02,56:01
0.01167,C,B,02:02,27:05
0.01,C,B,07:01,58:01
0.00833,C,B,07:04,44:02
0.00833,C,B,17:01,41:01
0.00833,C,B,04:01,35:02
0.00833,C,B,08:02,14:01
0.00833,C,B,05:01,18:01
0.00667,C,B,07:01,18:01
0.00667,C,B,02:02,40:02
0.00667,C,B,04:01,35:08
0.005,C,B,12:03,39:01
0.005,C,B,16:01,51:01
0.005,C,B,04:01,44:03
0.005,C,B,06:02,58:02
0.005,C,B,07:02,39:06
0.005,C,B,02:02,15:03
0.005,C,B,08:01,48:01
0.005,C,B,03:03,51:01
0.00453,C,B,01:02,51:01
0.00333,C,B,16:01,52:01
0.00333,C,B,12:03,35:02
0.00333,C,B,04:01,15:01
0.00333,C,B,02:02,44:03
0.00333,C,B,17:01,41:02
0.00333,C,B,02:02,44:05
0.00333,C,B,03:02,58:01
0.00333,C,B,07:01,57:03
0.00333,C,B,12:02,52:01
0.00333,C,B,04:01,35:17
0.00333,C,B,02:10,15:03
0.00333,C,B,03:04,15:10
0.00333,C,B,07:01,57:01
0.00333,C,B,04:01,40:02
0.0025,C,B,07:01,35:01
0.00214,C,B,02:02,51:01
0.00171,C,B,03:03,40:01
0.00167,C,B,07:01,07:02
0.00167,C,B,07:02,08:01
0.00167,C,B,03:04,40:02
0.00167,C,B,12:02,18:01
0.00167,C,B,12:03,35:01
0.00167,C,B,07:02,27:03
0.00167,C,B,12:03,14:02
0.00167,C,B,06:04,51:01
0.00167,C,B,01:02,38:01
0.00167,C,B,07:04,27:05
0.00167,C,B,04:07,44:03
0.00167,C,B,05:01,15:01
0.00167,C,B,08:02,53:01
0.00167,C,B,07:02,45:01
0.00167,C,B,16:01,35:01
0.00167,C,B,06:02,35:01
0.00167,C,B,04:03,15:06
0.00167,C,B,07:07,18:01
0.00167,C,B,08:02,35:01
0.00167,C,B,07:02,39:10
0.00167,C,B,01:02,27:04
0.00167,C,B,18:01,81:01
0.00167,C,B,02:02,44:02
0.00167,C,B,07:01,56:01
0.00167,C,B,01:02,15:01
0.00167,C,B,06:02,37:01
0.00167,C,B,08:01,15:02
0.00167,C,B,03:08,58:01
0.00167,C,B,05:01,53:01
0.00167,C,B,16:02,51:08
0.00167,C,B,06:02,47:01
0.00167,C,B,05:01,51:01
0.00167,C,B,16:01,78:01
0.00167,C,B,16:01,44:02
0.00167,C,B,01:02,27:05
0.00167,C,B,07:01,39:06
0.00167,C,B,03:02,15:16
0.00167,C,B,16:01,40:02
0.00167,C,B,07:01,15:32
0.00167,C,B,03:04,44:03
0.00167,C,B,07:02,40:01
0.00167,C,B,01:02,55:01
0.00167,C,B,15:02,07:05
0.00167,C,B,07:02,07:05
0.00167,C,B,03:02,27:02
0.00167,C,B,03:02,82:01
0.00167,C,B,17:01,42:01
0.00167,C,B,05:01,50:01
0.00167,C,B,01:02,15:15
0.00167,C,B,01:02,15:30
0.00167,C,B,03:04,40:08
0.00167,C,B,02:02,27:02
0.00167,C,B,16:02,44:03
0.00167,C,B,04:01,57:02
0.00167,C,B,07:02,39:02
0.00167,C,B,12:03,15:03
0.00167,C,B,03:02,40:01
0.00167,C,B,12:03,55:01
0.00167,C,B,07:02,40:05
0.00167,C,B,07:01,15:17
0.00167,C,B,16:01,45:01
0.00167,C,B,07:04,51:01
0.00167,C,B,04:01,45:01
0.00167,C,B,03:14,40:01
0.00167,C,B,03:04,35:32
0.00083,C,B,07:01,53:01
0.07835,C,DRB1,07:01,03:01
0.06102,C,DRB1,07:02,15:01
0.04448,C,DRB1,06:02,07:01
0.02528,C,DRB1,05:01,04:01
0.0239,C,DRB1,04:01,01:01
0.01776,C,DRB1,07:02,03:01
0.01618,C,DRB1,01:02,01:01
0.01533,C,DRB1,03:04,04:01
0.0146,C,DRB1,16:01,07:01
0.01338,C,DRB1,03:04,13:02
0.01292,C,DRB1,07:01,07:01
0.0109,C,DRB1,05:01,15:01
0.01059,C,DRB1,03:03,15:01
0.01058,C,DRB1,03:04,13:01
0.00996,C,DRB1,03:03,14:01
0.00965,C,DRB1,02:02,04:04
0.00948,C,DRB1,04:01,13:03
0.00909,C,DRB1,05:01,13:01
0.00906,C,DRB1,04:01,11:01
0.00889,C,DRB1,03:03,13:01
0.00886,C,DRB1,07:01,01:01
0.00869,C,DRB1,03:03,04:01
0.00839,C,DRB1,04:01,01:03
0.00824,C,DRB1,03:04,08:01
0.00806,C,DRB1,06:02,04:01
0.00767,C,DRB1,04:01,04:01
0.00756,C,DRB1,03:04,04:03
0.00742,C,DRB1,12:03,01:01
0.00734,C,DRB1,07:01,11:01
0.00732,C,DRB1,04:01,12:01
0.00715,C,DRB1,12:03,15:01
0.00671,C,DRB1,08:02,07:01
0.00671,C,DRB1,01:02,08:01
0.00671,C,DRB1,04:01,04:07
0.00671,C,DRB1,07:02,09:01
0.00668,C,DRB1,15:02,15:01
0.0066,C,DRB1,07:02,04:04
0.00649,C,DRB1,06:02,11:01
0.00625,C,DRB1,07:02,14:01
0.0062,C,DRB1,04:01,04:05
0.00598,C,DRB1,06:02,13:01
0.00588,C,DRB1,03:04,15:01
0.00583,C,DRB1,05:01,11:01
0.00582,C,DRB1,03:04,11:01
0.00577,C,DRB1,12:03,13:01
0.00563,C,DRB1,04:01,04:02
0.00544,C,DRB1,07:02,07:01
0.00538,C,DRB1,07:02,01:01
0.00513,C,DRB1,05:01,03:01
0.00512,C,DRB1,04:01,03:01
0.00503,C,DRB1,08:02,01:02
0.00503,C,DRB1,02:02,08:01
0.00503,C,DRB1,08:02,11:01
0.00503,C,DRB1,02:02,01:01
0.00503,C,DRB1,12:03,16:01
0.00503,C,DRB1,07:01,15:02
0.00503,C,DRB1,12:03,11:04
0.00503,C,DRB1,01:02,11:01
0.00498,C,DRB1,06:02,04:04
0.00479,C,DRB1,03:04,07:01
0.00473,C,DRB1,02:02,04:01
0.00461,C,DRB1,07:02,11:01
0.00459,C,DRB1,16:01,11:02
0.00444,C,DRB1,02:02,13:02
0.00414,C,DRB1,03:04,12:01
0.00404,C,DRB1,03:04,03:01
0.00395,C,DRB1,04:01,13:02
0.00394,C,DRB1,16:01,13:03
0.00376,C,DRB1,07:02,13:01
0.0035,C,DRB1,05:01,12:01
0.00347,C,DRB1,12:03,03:01
0.00345,C,DRB1,04:01,04:04
0.00343,C,DRB1,16:01,03:01
0.00342,C,DRB1,04:01,07:01
0.00342,C,DRB1,06:02,12:01
0.00336,C,DRB1,07:01,16:01
0.00336,C,DRB1,16:01,01:02
0.00336,C,DRB1,04:01,11:02
0.00336,C,DRB1,04:01,08:02
0.00336,C,DRB1,04:01,15:03
0.00336,C,DRB1,07:02,08:02
0.00336,C,DRB1,02:02,16:01
0.00336,C,DRB1,02:02,15:03
0.00336,C,DRB1,03:03,13:02
0.00336,C,DRB1,02:02,11:04
0.00336,C,DRB1,08:01,08:02
0.00336,C,DRB1,07:01,15:03
0.00336,C,DRB1,03:02,13:02
0.00336,C,DRB1,03:03,04:04
0.00336,C,DRB1,04:01,16:01
0.00336,C,DRB1,15:02,04:04
0.00336,C,DRB1,05:01,11:04
0.00336,C,DRB1,15:02,04:08
0.00336,C,DRB1,17:01,04:01
0.00336,C,DRB1,07:04,14:01
0.00336,C,DRB1,07:04,08:01
0.00336,C,DRB1,05:01,04:07
0.00334,C,DRB1,06:02,04:03
0.00324,C,DRB1,12:03,14:01
0.00306,C,DRB1,07:01,15:01
0.00305,C,DRB1,07:01,04:01
0.00304,C,DRB1,07:02,11:04
0.00299,C,DRB1,07:01,11:04
0.00282,C,DRB1,07:02,04:07
0.00276,C,DRB1,12:03,04:02
0.00273,C,DRB1,02:02,11:01
0.00255,C,DRB1,07:01,14:01
0.00247,C,DRB1,04:01,13:01
0.00236,C,DRB1,04:01,11:04
0.0023,C,DRB1,12:03,04:07
0.00228,C,DRB1,07:02,04:01
0.00222,C,DRB1,01:02,14:01
0.00219,C,DRB1,07:01,04:05
0.00212,C,DRB1,06:02,11:02
0.00211,C,DRB1,03:04,04:04
0.00209,C,DRB1,12:03,04:01
0.00207,C,DRB1,04:01,14:01
0.00202,C,DRB1,03:04,01:01
0.00197,C,DRB1,03:03,07:01
0.00193,C,DRB1,16:01,13:01
0.00188,C,DRB1,07:01,13:01
0.00187,C,DRB1,02:02,15:01
0.00185,C,DRB1,04:01,15:01
0.00183,C,DRB1,02:02,07:01
0.00182,C,DRB1,07:02,08:01
0.0018,C,DRB1,07:01,13:02
0.0018,C,DRB1,05:01,07:01
0.0018,C,DRB1,03:03,03:01
0.00174,C,DRB1,03:03,12:01
0.00174,C,DRB1,01:02,15:01
0.00174,C,DRB1,16:01,11:01
0.00171,C,DRB1,15:02,03:01
0.00168,C,DRB1,12:02,12:01
0.00168,C,DRB1,14:02,11:03
0.00168,C,DRB1,06:02,11:03
0.00168,C,DRB1,06:04,04:03
0.00168,C,DRB1,17:01,13:02
0.00168,C,DRB1,04:07,07:01
0.00168,C,DRB1,07:02,11:03
0.00168,C,DRB1,16:01,15:03
0.00168,C,DRB1,15:02,13:02
0.00168,C,DRB1,03:04,14:02
0.00168,C,DRB1,08:02,15:03
0.00168,C,DRB1,04:01,08:04
0.00168,C,DRB1,18:01,04:03
0.00168,C,DRB1,08:02,16:01
0.00168,C,DRB1,08:01,12:02
0.00168,C,DRB1,03:08,03:01
0.00168,C,DRB1,05:01,04:04
0.00168,C,DRB1,01:02,04:04
0.00168,C,DRB1,16:02,14:20
0.00168,C,DRB1,12:03,11:03
0.00168,C,DRB1,07:04,11:02
0.00168,C,DRB1,17:01,13:03
0.00168,C,DRB1,14:02,12:01
0.00168,C,DRB1,15:02,11:04
0.00168,C,DRB1,07:01,14:06
0.00168,C,DRB1,03:02,04:07
0.00168,C,DRB1,16:01,15:01
0.00168,C,DRB1,03:04,14:06
0.00168,C,DRB1,14:02,11:01
0.00168,C,DRB1,07:01,11:02
0.00168,C,DRB1,01:02,04:03
0.00168,C,DRB1,15:02,01:02
0.00168,C,DRB1,08:02,04:05
0.00168,C,DRB1,08:02,13:02
0.00168,C,DRB1,12:02,15:02
0.00168,C,DRB1,12:02,11:03
0.00168,C,DRB1,14:02,08:01
0.00168,C,DRB1,03:02,03:01
0.00168,C,DRB1,03:02,03:02
0.00168,C,DRB1,05:01,08:02
0.00168,C,DRB1,17:01,08:04
0.00168,C,DRB1,02:10,11:02
0.00168,C,DRB1,01:02,01:03
0.00168,C,DRB1,02:02,10:01
0.00168,C,DRB1,08:02,04:23
0.00168,C,DRB1,02:10,01:01
0.00168,C,DRB1,01:02,04:11
0.00168,C,DRB1,08:01,04:03
0.00168,C,DRB1,14:02,04:03
0.00168,C,DRB1,07:01,01:02
0.00168,C,DRB1,08:02,08:06
0.00168,C,DRB1,08:02,04:07
0.00168,C,DRB1,08:02,13:03
0.00168,C,DRB1,07:02,10:01
0.00168,C,DRB1,17:01,14:02
0.00168,C,DRB1,12:03,13:05
0.00168,C,DRB1,14:02,09:01
0.00168,C,DRB1,17:01,04:05
0.00168,C,DRB1,03:02,04:04
0.00168,C,DRB1,03:14,13:02
0.00168,C,DRB1,02:02,09:01
0.00168,C,DRB1,01:02,08:03
0.00168,C,DRB1,12:03,14:02
0.00168,C,DRB1,04:03,04:05
0.00168,C,DRB1,07:07,11:03
0.00168,C,DRB1,07:02,11:02
0.00168,C,DRB1,08:02,10:01
0.00168,C,DRB1,07:04,07:01
0.00168,C,DRB1,16:02,04:02
0.00168,C,DRB1,17:01,16:01
0.00168,C,DRB1,07:04,13:02
0.0016,C,DRB1,16:01,13:02
0.00159,C,DRB1,02:02,04:07
0.00104,C,DRB1,12:03,07:01
0.00085,C,DRB1,07:01,04:03
0.00056,C,DRB1,05:01,14:01
5.00E-05,C,DRB1,16:01,04:04
0.08385,C,DQA1,07:01,05:01
0.06481,C,DQA1,07:02,01:02
0.04249,C,DQA1,06:02,02:01
0.03917,C,DQA1,04:01,01:01
0.03327,C,DQA1,03:04,03:01
0.03056,C,DQA1,04:01,03:01
0.02857,C,DQA1,05:01,03:01
0.02771,C,DQA1,04:01,05:01
0.0274,C,DQA1,07:02,05:01
0.02193,C,DQA1,03:04,01:02
0.02193,C,DQA1,07:01,01:02
0.01879,C,DQA1,01:02,01:01
0.01823,C,DQA1,06:02,03:01
0.01731,C,DQA1,16:01,02:01
0.01683,C,DQA1,05:01,01:02
0.01604,C,DQA1,05:01,05:01
0.01587,C,DQA1,07:01,02:01
0.01577,C,DQA1,07:02,03:01
0.01393,C,DQA1,02:02,05:01
0.01369,C,DQA1,12:03,01:01
0.01365,C,DQA1,03:04,05:01
0.01351,C,DQA1,16:01,05:01
0.01324,C,DQA1,07:01,01:01
0.0131,C,DQA1,03:03,03:01
0.01307,C,DQA1,07:02,01:01
0.01245,C,DQA1,04:01,01:02
0.01244,C,DQA1,12:03,03:01
0.0124,C,DQA1,02:02,01:02
0.01156,C,DQA1,03:03,01:03
0.0106,C,DQA1,02:02,03:01
0.01049,C,DQA1,08:02,01:01
0.01025,C,DQA1,15:02,01:02
0.00993,C,DQA1,06:02,05:01
0.00952,C,DQA1,03:03,05:01
0.00922,C,DQA1,12:03,05:01
0.0089,C,DQA1,07:02,02:01
0.0088,C,DQA1,01:02,05:01
0.00877,C,DQA1,02:02,01:01
0.00845,C,DQA1,07:01,03:01
0.00833,C,DQA1,05:01,01:03
0.0083,C,DQA1,17:01,05:01
0.00829,C,DQA1,03:04,01:03
0.00799,C,DQA1,15:02,03:01
0.00752,C,DQA1,12:03,01:02
0.00722,C,DQA1,03:03,01:01
0.00721,C,DQA1,03:04,04:01
0.00634,C,DQA1,12:03,01:03
0.00622,C,DQA1,04:01,04:01
0.00582,C,DQA1,08:02,02:01
0.00565,C,DQA1,08:02,01:02
0.00511,C,DQA1,03:03,01:02
0.00509,C,DQA1,04:01,02:01
0.00505,C,DQA1,07:02,04:01
0.005,C,DQA1,06:02,01:03
0.005,C,DQA1,01:02,01:03
0.00487,C,DQA1,14:02,05:01
0.00479,C,DQA1,07:04,01:02
0.00475,C,DQA1,16:01,01:01
0.00474,C,DQA1,08:02,03:01
0.0043,C,DQA1,02:02,04:01
0.00427,C,DQA1,03:02,03:01
0.00405,C,DQA1,08:02,05:01
0.0035,C,DQA1,03:03,02:01
0.00349,C,DQA1,06:02,01:01
0.00333,C,DQA1,01:02,06:01
0.00333,C,DQA1,16:02,05:01
0.00333,C,DQA1,08:01,04:01
0.00333,C,DQA1,12:02,01:03
0.00333,C,DQA1,02:10,05:01
0.00316,C,DQA1,07:04,04:01
0.00286,C,DQA1,14:02,01:01
0.00277,C,DQA1,16:01,01:02
0.00272,C,DQA1,14:02,03:01
0.00263,C,DQA1,17:01,03:01
0.00256,C,DQA1,03:02,05:01
0.00252,C,DQA1,06:02,01:02
0.00241,C,DQA1,01:02,04:01
0.00241,C,DQA1,17:01,01:02
0.00232,C,DQA1,03:04,01:01
0.00214,C,DQA1,04:01,01:03
0.00205,C,DQA1,07:04,01:01
0.00198,C,DQA1,03:02,01:02
0.0019,C,DQA1,05:01,02:01
0.00167,C,DQA1,12:02,05:01
0.00167,C,DQA1,06:04,03:01
0.00167,C,DQA1,04:07,02:01
0.00167,C,DQA1,04:03,01:03
0.00167,C,DQA1,18:01,03:01
0.00167,C,DQA1,08:01,06:01
0.00167,C,DQA1,15:02,02:01
0.00167,C,DQA1,08:01,03:01
0.00167,C,DQA1,07:04,02:01
0.00167,C,DQA1,03:14,01:02
0.00167,C,DQA1,03:08,01:01
0.00167,C,DQA1,01:02,04:02
0.00167,C,DQA1,07:02,04:02
0.00167,C,DQA1,07:07,03:01
0.00121,C,DQA1,14:02,04:01
0.0012,C,DQA1,03:02,04:01
0.00092,C,DQA1,08:02,04:01
0.00078,C,DQA1,12:03,02:01
9.00E-05,C,DQA1,15:02,01:01
0.08425,C,DQB1,07:01,02:01
0.06404,C,DQB1,07:02,06:02
0.0401,C,DQB1,04:01,05:01
0.03352,C,DQB1,05:01,03:01
0.03302,C,DQB1,04:01,03:01
0.0278,C,DQB1,04:01,03:02
0.02696,C,DQB1,06:02,02:01
0.02631,C,DQB1,07:02,02:01
0.02318,C,DQB1,16:01,02:01
0.02158,C,DQB1,03:04,03:02
0.02106,C,DQB1,06:02,03:03
0.01858,C,DQB1,07:01,03:01
0.01772,C,DQB1,03:04,03:01
0.01722,C,DQB1,02:02,03:01
0.01582,C,DQB1,01:02,05:01
0.01528,C,DQB1,06:02,03:01
0.01446,C,DQB1,07:02,03:01
0.01336,C,DQB1,03:03,05:03
0.01331,C,DQB1,03:04,06:04
0.01245,C,DQB1,03:03,03:01
0.01229,C,DQB1,07:01,05:01
0.01005,C,DQB1,05:01,06:02
0.00997,C,DQB1,08:02,05:01
0.00971,C,DQB1,03:04,04:02
0.00899,C,DQB1,05:01,06:03
0.0089,C,DQB1,12:03,03:01
0.00884,C,DQB1,07:02,05:01
0.00876,C,DQB1,03:04,06:03
0.00868,C,DQB1,04:01,02:01
0.00864,C,DQB1,07:02,03:02
0.00863,C,DQB1,07:01,06:02
0.0085,C,DQB1,02:02,05:01
0.00838,C,DQB1,05:01,03:02
0.00836,C,DQB1,01:02,03:01
0.00834,C,DQB1,12:03,05:01
0.00827,C,DQB1,12:03,03:02
0.00813,C,DQB1,03:04,06:02
0.00789,C,DQB1,03:03,06:02
0.00771,C,DQB1,15:02,06:02
0.00755,C,DQB1,03:03,06:03
0.00755,C,DQB1,16:01,03:01
0.00733,C,DQB1,05:01,02:01
0.00686,C,DQB1,06:02,06:03
0.00681,C,DQB1,04:01,06:02
0.0068,C,DQB1,07:02,04:02
0.00677,C,DQB1,06:02,03:02
0.00639,C,DQB1,17:01,02:01
0.00592,C,DQB1,07:01,03:02
0.00584,C,DQB1,08:02,03:01
0.00546,C,DQB1,01:02,06:03
0.00538,C,DQB1,02:02,06:02
0.00532,C,DQB1,17:01,03:01
0.00525,C,DQB1,12:03,06:03
0.00505,C,DQB1,16:01,05:01
0.00503,C,DQB1,08:02,06:02
0.00502,C,DQB1,07:01,05:02
0.00502,C,DQB1,15:02,03:02
0.00495,C,DQB1,12:03,05:03
0.00485,C,DQB1,03:03,03:02
0.00472,C,DQB1,02:02,04:02
0.00463,C,DQB1,07:02,03:03
0.00463,C,DQB1,02:02,05:02
0.00461,C,DQB1,12:03,02:01
0.0046,C,DQB1,08:02,02:01
0.00444,C,DQB1,12:03,06:02
0.0043,C,DQB1,07:01,03:03
0.00414,C,DQB1,01:02,04:02
0.00399,C,DQB1,04:01,05:03
0.00392,C,DQB1,14:02,03:01
0.0038,C,DQB1,03:04,02:01
0.00373,C,DQB1,12:03,05:02
0.00355,C,DQB1,15:02,03:01
0.00341,C,DQB1,07:02,06:04
0.00334,C,DQB1,16:02,03:01
0.00334,C,DQB1,03:02,03:02
0.00334,C,DQB1,08:01,04:02
0.00334,C,DQB1,03:02,06:05
0.00334,C,DQB1,12:02,06:01
0.00334,C,DQB1,04:01,05:02
0.00334,C,DQB1,02:10,03:01
0.00334,C,DQB1,07:04,06:04
0.00334,C,DQB1,07:04,04:02
0.00334,C,DQB1,07:04,05:03
0.00327,C,DQB1,02:02,02:01
0.00311,C,DQB1,02:02,03:02
0.00288,C,DQB1,07:01,06:04
0.00251,C,DQB1,01:02,05:03
0.00238,C,DQB1,03:03,02:01
0.00227,C,DQB1,03:04,05:01
0.00226,C,DQB1,03:02,02:01
0.00217,C,DQB1,01:02,06:02
0.00215,C,DQB1,14:02,03:03
0.00197,C,DQB1,05:01,04:02
0.00195,C,DQB1,07:01,05:03
0.00181,C,DQB1,16:01,06:02
0.00167,C,DQB1,14:02,05:01
0.00167,C,DQB1,02:02,06:04
0.00167,C,DQB1,12:02,03:01
0.00167,C,DQB1,06:04,03:02
0.00167,C,DQB1,17:01,06:04
0.00167,C,DQB1,04:07,02:01
0.00167,C,DQB1,04:03,04:02
0.00167,C,DQB1,07:07,03:02
0.00167,C,DQB1,05:01,05:03
0.00167,C,DQB1,18:01,03:02
0.00167,C,DQB1,08:01,03:01
0.00167,C,DQB1,06:02,05:03
0.00167,C,DQB1,15:02,03:03
0.00167,C,DQB1,02:02,03:03
0.00167,C,DQB1,06:02,06:05
0.00167,C,DQB1,08:02,06:05
0.00167,C,DQB1,08:02,03:04
0.00167,C,DQB1,14:02,03:02
0.00167,C,DQB1,03:04,05:02
0.00167,C,DQB1,03:14,06:04
0.00167,C,DQB1,01:02,06:05
0.00167,C,DQB1,12:03,06:01
0.00167,C,DQB1,08:01,03:02
0.00167,C,DQB1,07:04,02:01
0.00167,C,DQB1,08:02,05:02
0.00167,C,DQB1,14:02,04:02
0.00167,C,DQB1,03:03,06:05
0.00131,C,DQB1,08:02,03:03
0.00126,C,DQB1,15:02,06:04
0.00109,C,DQB1,03:02,04:02
0.00088,C,DQB1,16:01,06:04
0.00085,C,DQB1,15:02,05:01
0.00062,C,DQB1,14:02,06:03
0.05277,C,DPB1,07:02,04:01
0.03897,C,DPB1,03:04,04:01
0.03805,C,DPB1,06:02,04:01
0.03533,C,DPB1,07:01,01:01
0.03438,C,DPB1,07:01,04:01
0.0338,C,DPB1,12:03,04:01
0.03358,C,DPB1,04:01,04:01
0.03031,C,DPB1,01:02,04:01
0.02905,C,DPB1,04:01,04:02
0.02805,C,DPB1,07:01,04:02
0.02508,C,DPB1,07:01,02:01
0.02421,C,DPB1,05:01,04:01
0.0231,C,DPB1,03:03,04:01
0.0212,C,DPB1,02:02,04:01
0.0191,C,DPB1,07:02,03:01
0.01883,C,DPB1,04:01,01:01
0.01746,C,DPB1,05:01,02:01
0.01586,C,DPB1,08:02,04:01
0.01313,C,DPB1,15:02,04:01
0.01195,C,DPB1,02:02,04:02
0.01186,C,DPB1,16:01,04:01
0.01183,C,DPB1,04:01,03:01
0.01177,C,DPB1,07:02,01:01
0.01172,C,DPB1,06:02,01:01
0.01137,C,DPB1,07:02,02:01
0.0113,C,DPB1,03:04,03:01
0.01109,C,DPB1,04:01,02:01
0.01036,C,DPB1,07:02,04:02
0.00972,C,DPB1,03:04,10:01
0.00925,C,DPB1,05:01,03:01
0.0083,C,DPB1,07:01,03:01
0.00789,C,DPB1,07:02,06:01
0.0078,C,DPB1,03:03,02:01
0.0074,C,DPB1,06:02,02:01
0.00709,C,DPB1,05:01,04:02
0.007,C,DPB1,07:02,17:01
0.00666,C,DPB1,17:01,04:01
0.00665,C,DPB1,03:04,04:02
0.00641,C,DPB1,06:02,17:01
0.00634,C,DPB1,08:02,04:02
0.00577,C,DPB1,03:03,04:02
0.00535,C,DPB1,12:03,04:02
0.00532,C,DPB1,06:02,05:01
0.00527,C,DPB1,07:02,05:01
0.00518,C,DPB1,02:02,03:01
0.005,C,DPB1,03:04,20:01
0.005,C,DPB1,08:01,04:02
0.005,C,DPB1,04:01,10:01
0.005,C,DPB1,03:02,03:01
0.005,C,DPB1,06:02,14:01
0.00476,C,DPB1,03:04,02:01
0.00474,C,DPB1,16:01,11:01
0.00469,C,DPB1,01:02,02:01
0.00458,C,DPB1,14:02,04:02
0.00454,C,DPB1,16:01,02:01
0.00447,C,DPB1,08:02,17:01
0.00446,C,DPB1,07:02,09:02
0.00441,C,DPB1,05:01,05:01
0.00435,C,DPB1,08:02,03:01
0.00433,C,DPB1,07:01,09:02
0.00396,C,DPB1,04:01,14:01
0.00375,C,DPB1,14:02,02:01
0.00373,C,DPB1,12:03,02:01
0.0036,C,DPB1,06:02,11:01
0.00333,C,DPB1,03:03,05:01
0.00333,C,DPB1,12:02,04:01
0.00333,C,DPB1,16:01,04:02
0.00333,C,DPB1,04:01,17:01
0.00333,C,DPB1,01:02,04:02
0.00333,C,DPB1,16:01,17:01
0.00333,C,DPB1,04:01,27:01
0.00333,C,DPB1,16:02,04:01
0.00333,C,DPB1,02:02,18:01
0.00333,C,DPB1,02:02,10:01
0.00333,C,DPB1,12:03,14:01
0.00333,C,DPB1,07:01,15:01
0.00333,C,DPB1,03:03,01:01
0.00333,C,DPB1,05:01,02:02
0.00333,C,DPB1,15:02,09:02
0.00316,C,DPB1,07:04,04:02
0.00305,C,DPB1,07:04,03:01
0.0029,C,DPB1,16:01,01:01
0.00287,C,DPB1,07:01,14:01
0.00264,C,DPB1,16:01,03:01
0.00259,C,DPB1,05:01,01:01
0.00222,C,DPB1,06:02,09:02
0.00212,C,DPB1,12:03,17:01
0.00212,C,DPB1,07:04,04:01
0.00211,C,DPB1,03:04,06:01
0.00195,C,DPB1,06:02,10:01
0.00187,C,DPB1,15:02,01:01
0.00167,C,DPB1,12:02,03:01
0.00167,C,DPB1,06:04,04:02
0.00167,C,DPB1,04:01,26:01
0.00167,C,DPB1,07:04,09:01
0.00167,C,DPB1,04:07,03:01
0.00167,C,DPB1,16:01,18:01
0.00167,C,DPB1,16:01,09:02
0.00167,C,DPB1,04:03,01:01
0.00167,C,DPB1,07:07,02:01
0.00167,C,DPB1,05:01,09:01
0.00167,C,DPB1,07:02,10:01
0.00167,C,DPB1,18:01,06:01
0.00167,C,DPB1,03:08,02:01
0.00167,C,DPB1,02:02,01:01
0.00167,C,DPB1,07:02,30:01
0.00167,C,DPB1,07:04,02:01
0.00167,C,DPB1,03:02,14:01
0.00167,C,DPB1,08:01,02:01
0.00167,C,DPB1,03:04,16:01
0.00167,C,DPB1,07:01,18:01
0.00167,C,DPB1,12:03,08:02
0.00167,C,DPB1,16:01,06:01
0.00167,C,DPB1,03:04,05:01
0.00167,C,DPB1,03:02,11:01
0.00167,C,DPB1,03:02,17:01
0.00167,C,DPB1,03:03,08:02
0.00167,C,DPB1,17:01,11:01
0.00167,C,DPB1,02:10,09:02
0.00167,C,DPB1,02:02,15:01
0.00167,C,DPB1,02:10,01:01
0.00167,C,DPB1,15:02,13:02
0.00167,C,DPB1,03:03,02:02
0.00167,C,DPB1,03:03,20:01
0.00167,C,DPB1,03:04,11:01
0.00167,C,DPB1,17:01,03:01
0.00167,C,DPB1,04:01,15:01
0.00167,C,DPB1,07:02,11:01
0.00167,C,DPB1,17:01,08:02
0.00167,C,DPB1,03:14,09:01
0.00167,C,DPB1,02:02,06:01
0.00167,C,DPB1,05:01,06:01
0.00167,C,DPB1,01:02,05:01
0.00167,C,DPB1,07:02,40:01
0.00167,C,DPB1,17:01,02:01
0.00167,C,DPB1,03:04,17:01
0.00167,C,DPB1,03:03,14:01
0.00167,C,DPB1,14:02,05:01
0.00167,C,DPB1,14:02,03:01
0.0015,C,DPB1,03:04,14:01
0.00065,C,DPB1,08:02,09:02
0.07587,B,DRB1,08:01,03:01
0.05851,B,DRB1,07:02,15:01
0.02728,B,DRB1,35:01,01:01
0.01932,B,DRB1,57:01,07:01
0.01922,B,DRB1,44:02,04:01
0.0178,B,DRB1,15:03,10:01
0.0178,B,DRB1,53:01,11:04
0.01775,B,DRB1,44:03,07:01
0.01661,B,DRB1,15:01,04:01
0.01456,B,DRB1,40:01,13:02
0.01452,B,DRB1,44:02,15:01
0.01294,B,DRB1,13:02,07:01
0.01147,B,DRB1,07:02,03:01
0.01141,B,DRB1,51:01,15:01
0.01029,B,DRB1,44:02,11:01
0.00971,B,DRB1,40:01,08:01
0.00971,B,DRB1,50:01,07:01
0.00971,B,DRB1,55:01,14:01
0.00971,B,DRB1,40:01,04:04
0.00809,B,DRB1,53:01,13:03
0.00809,B,DRB1,35:01,01:03
0.00789,B,DRB1,27:03,01:01
0.00647,B,DRB1,49:01,04:05
0.00647,B,DRB1,38:01,13:01
0.00647,B,DRB1,07:02,09:01
0.00647,B,DRB1,40:01,13:01
0.00647,B,DRB1,07:02,04:04
0.00647,B,DRB1,56:01,01:01
0.00647,B,DRB1,18:01,03:01
0.00647,B,DRB1,40:01,04:01
0.00647,B,DRB1,40:01,01:01
0.00641,B,DRB1,15:01,13:01
0.00609,B,DRB1,35:01,12:01
0.00503,B,DRB1,07:02,07:01
0.00492,B,DRB1,07:02,04:01
0.00485,B,DRB1,14:02,01:02
0.00485,B,DRB1,53:01,07:01
0.00485,B,DRB1,44:02,13:01
0.00485,B,DRB1,45:01,04:01
0.00485,B,DRB1,27:05,04:01
0.00485,B,DRB1,44:03,15:01
0.00485,B,DRB1,55:01,04:01
0.00485,B,DRB1,51:01,13:02
0.00485,B,DRB1,35:01,04:04
0.00485,B,DRB1,40:01,07:01
0.00485,B,DRB1,40:01,04:03
0.00485,B,DRB1,55:01,13:01
0.00485,B,DRB1,35:01,04:07
0.00485,B,DRB1,35:02,11:04
0.00485,B,DRB1,18:01,11:04
0.00476,B,DRB1,44:02,12:01
0.00475,B,DRB1,35:01,07:01
0.00448,B,DRB1,15:01,11:01
0.00425,B,DRB1,18:01,13:01
0.00405,B,DRB1,58:01,11:01
0.00405,B,DRB1,58:01,03:01
0.00402,B,DRB1,15:01,15:01
0.00384,B,DRB1,18:01,04:04
0.00383,B,DRB1,35:01,15:01
0.00378,B,DRB1,07:02,13:01
0.00362,B,DRB1,18:01,04:01
0.00362,B,DRB1,07:02,14:01
0.00342,B,DRB1,51:01,01:01
0.00342,B,DRB1,27:03,15:01
0.00338,B,DRB1,44:02,07:01
0.00337,B,DRB1,35:01,11:01
0.00333,B,DRB1,07:02,11:01
0.00326,B,DRB1,51:01,03:01
0.00325,B,DRB1,27:03,03:01
0.00324,B,DRB1,45:01,07:01
0.00324,B,DRB1,45:01,11:02
0.00324,B,DRB1,49:01,16:01
0.00324,B,DRB1,51:01,04:03
0.00324,B,DRB1,56:01,08:01
0.00324,B,DRB1,27:05,08:01
0.00324,B,DRB1,35:02,03:01
0.00324,B,DRB1,38:01,14:01
0.00324,B,DRB1,35:01,11:02
0.00324,B,DRB1,14:01,07:01
0.00324,B,DRB1,38:01,04:02
0.00324,B,DRB1,38:01,04:07
0.00324,B,DRB1,18:01,14:01
0.00324,B,DRB1,15:01,14:01
0.00324,B,DRB1,50:01,04:04
0.00324,B,DRB1,53:01,13:02
0.00324,B,DRB1,15:03,15:03
0.00324,B,DRB1,44:02,04:07
0.00324,B,DRB1,57:01,13:01
0.00324,B,DRB1,44:05,16:01
0.00324,B,DRB1,40:02,04:07
0.00324,B,DRB1,49:01,15:02
0.00324,B,DRB1,15:03,11:01
0.00324,B,DRB1,48:01,08:02
0.00324,B,DRB1,50:01,13:03
0.00324,B,DRB1,27:03,08:01
0.00324,B,DRB1,55:01,04:04
0.00324,B,DRB1,52:01,15:02
0.00324,B,DRB1,35:17,08:02
0.00324,B,DRB1,51:01,04:08
0.00324,B,DRB1,41:01,04:01
0.00318,B,DRB1,07:02,01:01
0.00316,B,DRB1,18:01,07:01
0.00298,B,DRB1,51:01,11:01
0.00285,B,DRB1,44:02,14:01
0.00263,B,DRB1,51:01,04:04
0.00243,B,DRB1,14:02,03:01
0.00243,B,DRB1,14:02,11:01
0.0021,B,DRB1,49:01,04:01
0.00207,B,DRB1,15:01,13:02
0.00207,B,DRB1,51:01,04:01
0.002,B,DRB1,15:01,12:01
0.00185,B,DRB1,39:01,01:01
0.00176,B,DRB1,08:01,01:01
0.00176,B,DRB1,18:01,15:01
0.00174,B,DRB1,51:01,13:01
0.00171,B,DRB1,57:01,12:01
0.00167,B,DRB1,44:03,11:01
0.00166,B,DRB1,08:01,15:01
0.00162,B,DRB1,14:02,07:01
0.00162,B,DRB1,51:01,07:01
0.00162,B,DRB1,51:01,11:03
0.00162,B,DRB1,49:01,03:01
0.00162,B,DRB1,38:01,08:01
0.00162,B,DRB1,41:01,13:02
0.00162,B,DRB1,53:01,03:01
0.00162,B,DRB1,35:02,11:01
0.00162,B,DRB1,07:02,11:03
0.00162,B,DRB1,45:01,11:03
0.00162,B,DRB1,51:01,15:03
0.00162,B,DRB1,35:01,01:02
0.00162,B,DRB1,52:01,13:01
0.00162,B,DRB1,52:01,13:03
0.00162,B,DRB1,58:02,11:02
0.00162,B,DRB1,15:06,04:05
0.00162,B,DRB1,27:05,11:03
0.00162,B,DRB1,18:01,11:03
0.00162,B,DRB1,35:01,08:02
0.00162,B,DRB1,40:02,14:02
0.00162,B,DRB1,35:01,03:01
0.00162,B,DRB1,35:01,04:02
0.00162,B,DRB1,14:02,15:03
0.00162,B,DRB1,39:10,01:01
0.00162,B,DRB1,53:01,08:04
0.00162,B,DRB1,53:01,15:03
0.00162,B,DRB1,27:04,01:01
0.00162,B,DRB1,15:01,04:03
0.00162,B,DRB1,39:06,08:02
0.00162,B,DRB1,49:01,04:03
0.00162,B,DRB1,81:01,04:03
0.00162,B,DRB1,50:01,16:01
0.00162,B,DRB1,14:01,16:01
0.00162,B,DRB1,56:01,15:01
0.00162,B,DRB1,37:01,11:01
0.00162,B,DRB1,15:02,12:02
0.00162,B,DRB1,53:01,04:04
0.00162,B,DRB1,51:08,14:20
0.00162,B,DRB1,07:02,11:02
0.00162,B,DRB1,35:02,14:01
0.00162,B,DRB1,58:02,13:01
0.00162,B,DRB1,47:01,15:01
0.00162,B,DRB1,58:02,12:01
0.00162,B,DRB1,27:03,07:01
0.00162,B,DRB1,27:03,11:02
0.00162,B,DRB1,41:02,13:03
0.00162,B,DRB1,78:01,03:01
0.00162,B,DRB1,57:01,04:03
0.00162,B,DRB1,57:01,11:01
0.00162,B,DRB1,27:05,01:01
0.00162,B,DRB1,51:01,11:04
0.00162,B,DRB1,39:06,14:06
0.00162,B,DRB1,15:16,01:02
0.00162,B,DRB1,15:32,11:01
0.00162,B,DRB1,35:32,14:06
0.00162,B,DRB1,45:01,13:02
0.00162,B,DRB1,49:01,15:03
0.00162,B,DRB1,44:03,04:01
0.00162,B,DRB1,07:02,04:07
0.00162,B,DRB1,49:01,11:02
0.00162,B,DRB1,35:08,04:03
0.00162,B,DRB1,07:05,01:02
0.00162,B,DRB1,27:03,04:04
0.00162,B,DRB1,58:01,13:02
0.00162,B,DRB1,14:01,04:05
0.00162,B,DRB1,39:06,01:01
0.00162,B,DRB1,14:02,13:02
0.00162,B,DRB1,55:01,13:02
0.00162,B,DRB1,27:02,13:02
0.00162,B,DRB1,57:03,11:03
0.00162,B,DRB1,51:01,08:01
0.00162,B,DRB1,40:02,08:01
0.00162,B,DRB1,35:01,14:01
0.00162,B,DRB1,35:08,11:04
0.00162,B,DRB1,82:01,03:02
0.00162,B,DRB1,44:02,04:02
0.00162,B,DRB1,42:01,08:04
0.00162,B,DRB1,58:01,11:02
0.00162,B,DRB1,55:01,16:01
0.00162,B,DRB1,15:03,11:02
0.00162,B,DRB1,27:03,01:03
0.00162,B,DRB1,35:08,12:01
0.00162,B,DRB1,40:02,10:01
0.00162,B,DRB1,44:02,11:04
0.00162,B,DRB1,35:08,04:01
0.00162,B,DRB1,14:01,04:01
0.00162,B,DRB1,27:03,10:01
0.00162,B,DRB1,07:02,11:04
0.00162,B,DRB1,14:02,11:04
0.00162,B,DRB1,38:01,04:23
0.00162,B,DRB1,15:15,04:11
0.00162,B,DRB1,15:30,11:01
0.00162,B,DRB1,48:01,04:03
0.00162,B,DRB1,44:03,11:04
0.00162,B,DRB1,40:08,04:03
0.00162,B,DRB1,27:02,16:01
0.00162,B,DRB1,14:02,08:06
0.00162,B,DRB1,44:03,04:02
0.00162,B,DRB1,57:02,16:01
0.00162,B,DRB1,40:02,12:01
0.00162,B,DRB1,40:01,12:01
0.00162,B,DRB1,07:05,11:01
0.00162,B,DRB1,14:02,04:07
0.00162,B,DRB1,14:02,13:03
0.00162,B,DRB1,13:02,04:02
0.00162,B,DRB1,07:02,10:01
0.00162,B,DRB1,49:01,13:02
0.00162,B,DRB1,41:01,14:02
0.00162,B,DRB1,45:01,15:03
0.00162,B,DRB1,57:03,15:03
0.00162,B,DRB1,15:03,13:05
0.00162,B,DRB1,44:03,13:02
0.00162,B,DRB1,39:06,08:01
0.00162,B,DRB1,51:01,09:01
0.00162,B,DRB1,58:01,07:01
0.00162,B,DRB1,15:10,11:01
0.00162,B,DRB1,53:01,12:01
0.00162,B,DRB1,27:05,04:07
0.00162,B,DRB1,40:02,04:05
0.00162,B,DRB1,15:10,16:01
0.00162,B,DRB1,41:02,03:01
0.00162,B,DRB1,41:01,04:05
0.00162,B,DRB1,27:05,09:01
0.00162,B,DRB1,55:01,01:01
0.00162,B,DRB1,44:03,08:03
0.00162,B,DRB1,56:01,11:01
0.00162,B,DRB1,40:05,14:02
0.00162,B,DRB1,58:01,13:01
0.00162,B,DRB1,15:17,11:01
0.00162,B,DRB1,27:03,11:04
0.00162,B,DRB1,39:01,16:01
0.00162,B,DRB1,40:02,11:01
0.00162,B,DRB1,45:01,13:01
0.00162,B,DRB1,53:01,01:02
0.00162,B,DRB1,39:02,08:02
0.00162,B,DRB1,44:03,03:01
0.00155,B,DRB1,49:01,01:01
0.00139,B,DRB1,39:01,11:01
0.0012,B,DRB1,49:01,15:01
0.00117,B,DRB1,18:01,13:02
0.07718,B,DQA1,08:01,05:01
0.06411,B,DQA1,07:02,01:02
0.04183,B,DQA1,35:01,01:01
0.02623,B,DQA1,44:02,03:01
0.02129,B,DQA1,40:01,03:01
0.02099,B,DQA1,57:01,02:01
0.02032,B,DQA1,15:01,03:01
0.02007,B,DQA1,40:01,01:02
0.01845,B,DQA1,44:03,02:01
0.01824,B,DQA1,07:02,05:01
0.01691,B,DQA1,44:02,01:02
0.01621,B,DQA1,07:02,03:01
0.01495,B,DQA1,35:01,03:01
0.01466,B,DQA1,51:01,03:01
0.01333,B,DQA1,13:02,02:01
0.01321,B,DQA1,07:02,01:01
0.01286,B,DQA1,51:01,01:02
0.01277,B,DQA1,44:02,05:01
0.01267,B,DQA1,51:01,05:01
0.01261,B,DQA1,18:01,05:01
0.01176,B,DQA1,49:01,01:02
0.01162,B,DQA1,27:03,01:01
0.01159,B,DQA1,27:03,05:01
0.01158,B,DQA1,49:01,03:01
0.01142,B,DQA1,55:01,01:01
0.01085,B,DQA1,38:01,03:01
0.01033,B,DQA1,35:02,05:01
0.01031,B,DQA1,55:01,03:01
0.01,B,DQA1,27:05,03:01
0.00995,B,DQA1,50:01,02:01
0.00981,B,DQA1,53:01,02:01
0.00964,B,DQA1,35:01,05:01
0.00958,B,DQA1,44:03,05:01
0.00907,B,DQA1,53:01,01:02
0.00851,B,DQA1,40:01,01:03
0.00833,B,DQA1,44:02,01:03
0.00824,B,DQA1,15:01,05:01
0.00758,B,DQA1,18:01,01:02
0.00753,B,DQA1,14:02,05:01
0.00719,B,DQA1,18:01,03:01
0.007,B,DQA1,14:02,01:02
0.00672,B,DQA1,18:01,01:01
0.00656,B,DQA1,07:02,02:01
0.0065,B,DQA1,56:01,01:01
0.00644,B,DQA1,45:01,03:01
0.00633,B,DQA1,15:01,01:03
0.00573,B,DQA1,40:01,01:01
0.00569,B,DQA1,40:02,05:01
0.0053,B,DQA1,44:03,01:02
0.005,B,DQA1,50:01,05:01
0.005,B,DQA1,40:01,04:01
0.005,B,DQA1,52:01,01:03
0.005,B,DQA1,58:01,05:01
0.005,B,DQA1,58:01,01:01
0.005,B,DQA1,15:03,01:02
0.005,B,DQA1,15:03,05:01
0.005,B,DQA1,51:01,01:03
0.00481,B,DQA1,51:01,01:01
0.0046,B,DQA1,41:01,05:01
0.00452,B,DQA1,14:02,01:01
0.00451,B,DQA1,55:01,01:02
0.00431,B,DQA1,40:02,01:01
0.00427,B,DQA1,35:01,02:01
0.00415,B,DQA1,38:01,01:03
0.00409,B,DQA1,44:02,02:01
0.00403,B,DQA1,35:01,01:03
0.004,B,DQA1,45:01,01:02
0.00397,B,DQA1,40:01,02:01
0.00365,B,DQA1,15:01,01:02
0.00364,B,DQA1,53:01,05:01
0.00339,B,DQA1,50:01,03:01
0.00333,B,DQA1,27:05,04:01
0.00333,B,DQA1,38:01,01:01
0.00333,B,DQA1,40:02,04:01
0.00333,B,DQA1,39:06,04:01
0.00333,B,DQA1,41:02,05:01
0.00333,B,DQA1,44:05,01:02
0.00333,B,DQA1,48:01,04:01
0.00333,B,DQA1,58:01,01:02
0.00333,B,DQA1,14:01,03:01
0.00333,B,DQA1,27:02,01:02
0.00333,B,DQA1,35:08,05:01
0.00333,B,DQA1,35:17,04:01
0.00325,B,DQA1,14:01,02:01
0.00316,B,DQA1,45:01,05:01
0.00313,B,DQA1,39:01,05:01
0.00291,B,DQA1,57:01,05:01
0.00275,B,DQA1,45:01,02:01
0.0027,B,DQA1,57:01,03:01
0.00269,B,DQA1,49:01,05:01
0.00248,B,DQA1,53:01,01:01
0.00245,B,DQA1,08:01,01:01
0.00229,B,DQA1,15:10,01:02
0.00209,B,DQA1,55:01,01:03
0.00209,B,DQA1,35:08,03:01
0.00209,B,DQA1,40:01,05:01
0.00206,B,DQA1,41:01,01:02
0.00204,B,DQA1,08:01,02:01
0.00204,B,DQA1,15:01,02:01
0.00198,B,DQA1,45:01,01:03
0.00195,B,DQA1,35:01,01:02
0.00187,B,DQA1,39:01,01:01
0.00179,B,DQA1,27:03,03:01
0.00179,B,DQA1,56:01,01:02
0.00175,B,DQA1,14:01,01:02
0.00173,B,DQA1,57:01,01:01
0.00171,B,DQA1,56:01,05:01
0.00167,B,DQA1,56:01,06:01
0.00167,B,DQA1,58:02,05:01
0.00167,B,DQA1,53:01,04:01
0.00167,B,DQA1,27:04,01:01
0.00167,B,DQA1,39:06,05:01
0.00167,B,DQA1,37:01,05:01
0.00167,B,DQA1,15:02,06:01
0.00167,B,DQA1,51:08,05:01
0.00167,B,DQA1,56:01,04:02
0.00167,B,DQA1,58:02,03:01
0.00167,B,DQA1,47:01,02:01
0.00167,B,DQA1,58:02,01:01
0.00167,B,DQA1,78:01,05:01
0.00167,B,DQA1,57:01,04:01
0.00167,B,DQA1,38:01,04:01
0.00167,B,DQA1,27:05,01:01
0.00167,B,DQA1,08:01,04:01
0.00167,B,DQA1,15:16,03:01
0.00167,B,DQA1,15:32,05:01
0.00167,B,DQA1,35:32,03:01
0.00167,B,DQA1,07:05,01:01
0.00167,B,DQA1,39:06,01:01
0.00167,B,DQA1,27:03,04:01
0.00167,B,DQA1,27:03,01:03
0.00167,B,DQA1,57:03,05:01
0.00167,B,DQA1,52:01,05:01
0.00167,B,DQA1,51:01,04:01
0.00167,B,DQA1,82:01,04:01
0.00167,B,DQA1,42:01,05:01
0.00167,B,DQA1,15:15,03:01
0.00167,B,DQA1,15:30,03:01
0.00167,B,DQA1,48:01,05:01
0.00167,B,DQA1,40:08,03:01
0.00167,B,DQA1,57:02,01:02
0.00167,B,DQA1,07:05,05:01
0.00167,B,DQA1,14:02,01:03
0.00167,B,DQA1,13:02,03:01
0.00167,B,DQA1,39:02,04:01
0.00167,B,DQA1,57:03,01:02
0.00167,B,DQA1,58:01,02:01
0.00167,B,DQA1,44:03,06:01
0.00167,B,DQA1,40:05,05:01
0.00167,B,DQA1,15:06,01:03
0.00167,B,DQA1,39:10,01:01
0.00167,B,DQA1,15:17,03:01
0.00167,B,DQA1,07:02,04:02
0.00167,B,DQA1,81:01,03:01
0.00167,B,DQA1,41:01,03:01
0.00134,B,DQA1,35:02,01:01
0.00124,B,DQA1,35:08,01:03
0.0011,B,DQA1,15:01,01:01
0.00104,B,DQA1,15:10,01:01
0.00095,B,DQA1,14:02,02:01
0.00089,B,DQA1,18:01,02:01
0.00064,B,DQA1,49:01,01:01
0.07998,B,DQB1,08:01,02:01
0.06448,B,DQB1,07:02,06:02
0.03707,B,DQB1,44:02,03:01
0.03586,B,DQB1,35:01,05:01
0.02226,B,DQB1,35:01,03:01
0.02167,B,DQB1,57:01,03:03
0.02136,B,DQB1,44:03,02:01
0.01654,B,DQB1,07:02,02:01
0.0149,B,DQB1,40:01,06:04
0.01335,B,DQB1,15:01,03:01
0.01318,B,DQB1,44:02,06:02
0.01305,B,DQB1,51:01,03:01
0.01206,B,DQB1,40:01,03:02
0.01171,B,DQB1,40:01,04:02
0.01171,B,DQB1,13:02,02:01
0.01062,B,DQB1,15:01,03:02
0.01062,B,DQB1,35:01,03:02
0.01057,B,DQB1,07:02,05:01
0.01016,B,DQB1,07:02,03:01
0.01003,B,DQB1,55:01,05:03
0.01002,B,DQB1,27:03,05:01
0.00996,B,DQB1,18:01,03:02
0.00994,B,DQB1,49:01,03:02
0.00994,B,DQB1,50:01,02:01
0.00948,B,DQB1,18:01,02:01
0.00879,B,DQB1,40:01,06:03
0.00874,B,DQB1,53:01,02:01
0.00848,B,DQB1,51:01,03:02
0.00843,B,DQB1,07:02,03:02
0.0083,B,DQB1,45:01,03:01
0.00819,B,DQB1,51:01,06:02
0.00816,B,DQB1,27:03,03:01
0.00776,B,DQB1,40:01,03:01
0.00697,B,DQB1,55:01,03:01
0.00689,B,DQB1,44:02,03:02
0.00669,B,DQB1,38:01,03:01
0.00669,B,DQB1,27:05,03:01
0.00669,B,DQB1,35:02,03:01
0.00669,B,DQB1,56:01,05:01
0.00641,B,DQB1,51:01,05:01
0.00618,B,DQB1,53:01,03:02
0.00616,B,DQB1,38:01,06:03
0.00616,B,DQB1,18:01,03:01
0.0058,B,DQB1,58:01,03:01
0.0057,B,DQB1,44:03,03:01
0.00546,B,DQB1,07:02,03:03
0.00536,B,DQB1,15:01,06:02
0.00528,B,DQB1,14:02,06:02
0.00514,B,DQB1,53:01,06:02
0.00502,B,DQB1,49:01,05:02
0.00502,B,DQB1,56:01,03:01
0.00502,B,DQB1,53:01,03:01
0.00502,B,DQB1,15:01,05:03
0.00502,B,DQB1,40:02,03:01
0.00502,B,DQB1,55:01,06:03
0.00502,B,DQB1,49:01,05:01
0.00496,B,DQB1,15:01,06:03
0.00493,B,DQB1,41:01,02:01
0.00491,B,DQB1,35:01,06:02
0.00488,B,DQB1,40:01,02:01
0.00487,B,DQB1,40:01,06:02
0.00487,B,DQB1,45:01,02:01
0.00476,B,DQB1,14:02,05:01
0.00455,B,DQB1,18:01,05:01
0.0045,B,DQB1,51:01,06:03
0.00448,B,DQB1,27:03,02:01
0.00446,B,DQB1,44:02,06:03
0.00387,B,DQB1,38:01,03:02
0.00386,B,DQB1,14:02,03:01
0.00373,B,DQB1,44:03,06:02
0.0037,B,DQB1,15:03,05:01
0.00361,B,DQB1,44:02,02:01
0.00344,B,DQB1,49:01,02:01
0.00341,B,DQB1,57:01,03:01
0.00341,B,DQB1,51:01,03:03
0.00334,B,DQB1,44:02,05:03
0.00334,B,DQB1,50:01,03:01
0.00334,B,DQB1,27:05,04:02
0.00334,B,DQB1,35:02,02:01
0.00334,B,DQB1,14:01,02:01
0.00334,B,DQB1,40:02,04:02
0.00334,B,DQB1,39:06,04:02
0.00334,B,DQB1,15:03,06:02
0.00334,B,DQB1,57:01,06:03
0.00334,B,DQB1,44:05,05:02
0.00334,B,DQB1,40:02,05:01
0.00334,B,DQB1,48:01,04:02
0.00334,B,DQB1,14:01,05:01
0.00334,B,DQB1,52:01,06:01
0.00334,B,DQB1,35:17,04:02
0.00334,B,DQB1,39:01,05:01
0.00329,B,DQB1,35:01,02:01
0.00328,B,DQB1,18:01,06:02
0.00327,B,DQB1,14:02,02:01
0.00317,B,DQB1,51:01,06:04
0.00299,B,DQB1,15:03,03:01
0.00295,B,DQB1,51:01,02:01
0.00292,B,DQB1,35:08,03:02
0.00285,B,DQB1,07:02,06:04
0.00282,B,DQB1,55:01,03:02
0.00249,B,DQB1,15:01,06:04
0.00243,B,DQB1,27:03,03:02
0.00219,B,DQB1,58:01,02:01
0.0021,B,DQB1,35:08,03:01
0.00204,B,DQB1,58:01,05:01
0.00193,B,DQB1,40:01,05:01
0.00192,B,DQB1,55:01,05:01
0.00191,B,DQB1,07:02,06:03
0.00188,B,DQB1,45:01,06:02
0.00185,B,DQB1,08:01,05:01
0.00177,B,DQB1,08:01,06:02
0.00177,B,DQB1,50:01,03:02
0.00176,B,DQB1,41:01,03:01
0.00167,B,DQB1,45:01,06:03
0.00167,B,DQB1,41:01,06:04
0.00167,B,DQB1,38:01,05:03
0.00167,B,DQB1,52:01,05:01
0.00167,B,DQB1,58:02,03:01
0.00167,B,DQB1,15:06,04:02
0.00167,B,DQB1,38:01,04:02
0.00167,B,DQB1,27:04,05:03
0.00167,B,DQB1,18:01,05:03
0.00167,B,DQB1,39:06,03:01
0.00167,B,DQB1,81:01,03:02
0.00167,B,DQB1,13:02,03:03
0.00167,B,DQB1,56:01,06:02
0.00167,B,DQB1,15:02,03:01
0.00167,B,DQB1,51:08,03:01
0.00167,B,DQB1,35:02,05:03
0.00167,B,DQB1,58:02,03:03
0.00167,B,DQB1,47:01,06:02
0.00167,B,DQB1,58:02,05:03
0.00167,B,DQB1,41:02,03:01
0.00167,B,DQB1,57:01,03:02
0.00167,B,DQB1,27:05,05:01
0.00167,B,DQB1,15:16,03:02
0.00167,B,DQB1,15:32,03:01
0.00167,B,DQB1,35:32,03:02
0.00167,B,DQB1,45:01,06:05
0.00167,B,DQB1,07:05,05:01
0.00167,B,DQB1,39:06,03:02
0.00167,B,DQB1,27:03,04:02
0.00167,B,DQB1,58:01,06:02
0.00167,B,DQB1,27:03,06:03
0.00167,B,DQB1,14:02,06:05
0.00167,B,DQB1,49:01,06:01
0.00167,B,DQB1,27:02,06:05
0.00167,B,DQB1,52:01,03:01
0.00167,B,DQB1,57:03,03:01
0.00167,B,DQB1,51:01,04:02
0.00167,B,DQB1,35:08,05:03
0.00167,B,DQB1,82:01,04:02
0.00167,B,DQB1,42:01,03:01
0.00167,B,DQB1,55:01,05:02
0.00167,B,DQB1,14:02,03:04
0.00167,B,DQB1,15:15,03:02
0.00167,B,DQB1,15:30,03:02
0.00167,B,DQB1,48:01,03:01
0.00167,B,DQB1,40:08,03:02
0.00167,B,DQB1,27:02,05:02
0.00167,B,DQB1,57:02,05:02
0.00167,B,DQB1,07:05,06:05
0.00167,B,DQB1,13:02,03:02
0.00167,B,DQB1,49:01,06:04
0.00167,B,DQB1,57:03,06:02
0.00167,B,DQB1,44:03,06:04
0.00167,B,DQB1,15:10,05:01
0.00167,B,DQB1,40:02,05:03
0.00167,B,DQB1,15:10,05:02
0.00167,B,DQB1,41:02,02:01
0.00167,B,DQB1,27:05,06:04
0.00167,B,DQB1,27:05,03:03
0.00167,B,DQB1,44:03,06:05
0.00167,B,DQB1,40:05,05:03
0.00167,B,DQB1,15:17,03:01
0.00167,B,DQB1,39:10,05:01
0.00167,B,DQB1,50:01,05:02
0.00167,B,DQB1,14:01,05:02
0.00167,B,DQB1,37:01,02:01
0.00167,B,DQB1,78:01,02:01
0.00167,B,DQB1,39:01,05:02
0.00167,B,DQB1,58:01,06:05
0.00167,B,DQB1,39:02,04:02
0.00167,B,DQB1,53:01,05:03
0.00122,B,DQB1,14:02,03:03
0.00099,B,DQB1,44:03,06:03
0.03718,B,DPB1,07:02,04:01
0.03711,B,DPB1,15:01,04:01
0.02989,B,DPB1,51:01,04:01
0.02911,B,DPB1,08:01,01:01
0.02629,B,DPB1,35:01,04:02
0.02623,B,DPB1,40:01,04:01
0.02467,B,DPB1,18:01,04:01
0.02415,B,DPB1,35:01,04:01
0.02315,B,DPB1,44:02,04:01
0.02063,B,DPB1,08:01,04:01
0.0199,B,DPB1,44:03,04:01
0.01637,B,DPB1,55:01,04:01
0.01612,B,DPB1,44:02,02:01
0.01558,B,DPB1,07:02,01:01
0.01518,B,DPB1,57:01,04:01
0.01489,B,DPB1,08:01,02:01
0.01484,B,DPB1,27:03,04:01
0.01387,B,DPB1,07:02,03:01
0.01289,B,DPB1,40:01,03:01
0.01274,B,DPB1,44:02,04:02
0.01226,B,DPB1,08:01,04:02
0.01167,B,DPB1,53:01,01:01
0.01167,B,DPB1,35:02,04:01
0.01053,B,DPB1,38:01,04:01
0.01039,B,DPB1,44:02,03:01
0.00949,B,DPB1,07:02,05:01
0.00946,B,DPB1,56:01,04:01
0.00936,B,DPB1,49:01,04:01
0.00931,B,DPB1,50:01,02:01
0.00919,B,DPB1,35:01,03:01
0.00858,B,DPB1,35:01,02:01
0.00798,B,DPB1,14:02,04:02
0.00787,B,DPB1,07:02,06:01
0.0075,B,DPB1,27:05,04:01
0.00745,B,DPB1,07:02,04:02
0.0074,B,DPB1,07:02,02:01
0.00735,B,DPB1,58:01,02:01
0.00731,B,DPB1,45:01,04:01
0.00667,B,DPB1,40:01,10:01
0.00667,B,DPB1,07:02,09:02
0.00657,B,DPB1,14:02,03:01
0.00644,B,DPB1,08:01,03:01
0.0063,B,DPB1,27:03,04:02
0.00619,B,DPB1,49:01,04:02
0.00513,B,DPB1,35:01,01:01
0.005,B,DPB1,38:01,02:01
0.005,B,DPB1,58:02,01:01
0.005,B,DPB1,44:03,11:01
0.005,B,DPB1,40:01,20:01
0.005,B,DPB1,51:01,05:01
0.005,B,DPB1,52:01,04:01
0.00499,B,DPB1,57:01,02:01
0.00492,B,DPB1,13:02,17:01
0.00478,B,DPB1,51:01,02:01
0.00477,B,DPB1,51:01,04:02
0.00476,B,DPB1,45:01,04:02
0.00461,B,DPB1,40:01,04:02
0.00456,B,DPB1,15:01,03:01
0.00449,B,DPB1,07:02,17:01
0.00428,B,DPB1,57:01,01:01
0.00417,B,DPB1,27:05,04:02
0.00415,B,DPB1,40:01,02:01
0.00395,B,DPB1,18:01,04:02
0.0039,B,DPB1,51:01,01:01
0.00353,B,DPB1,14:01,04:01
0.00335,B,DPB1,27:03,02:01
0.00333,B,DPB1,57:01,03:01
0.00333,B,DPB1,41:01,04:01
0.00333,B,DPB1,44:03,17:01
0.00333,B,DPB1,50:01,03:01
0.00333,B,DPB1,53:01,17:01
0.00333,B,DPB1,44:03,04:02
0.00333,B,DPB1,40:02,04:02
0.00333,B,DPB1,07:02,10:01
0.00333,B,DPB1,53:01,27:01
0.00333,B,DPB1,39:06,04:01
0.00333,B,DPB1,15:03,01:01
0.00333,B,DPB1,15:03,18:01
0.00333,B,DPB1,40:02,02:01
0.00333,B,DPB1,48:01,04:01
0.00333,B,DPB1,49:01,15:01
0.00333,B,DPB1,07:02,14:01
0.00327,B,DPB1,40:02,04:01
0.00313,B,DPB1,14:01,17:01
0.00309,B,DPB1,13:02,02:01
0.00292,B,DPB1,14:02,02:01
0.00283,B,DPB1,18:01,02:01
0.0028,B,DPB1,38:01,04:02
0.00278,B,DPB1,49:01,14:01
0.00274,B,DPB1,14:02,04:01
0.00265,B,DPB1,58:01,04:01
0.0026,B,DPB1,44:02,05:01
0.00235,B,DPB1,50:01,04:01
0.00222,B,DPB1,57:01,14:01
0.0022,B,DPB1,56:01,03:01
0.00217,B,DPB1,27:03,03:01
0.00213,B,DPB1,40:01,06:01
0.00209,B,DPB1,35:17,04:02
0.00198,B,DPB1,13:02,04:01
0.00197,B,DPB1,55:01,04:02
0.00191,B,DPB1,45:01,01:01
0.00191,B,DPB1,45:01,02:01
0.00187,B,DPB1,18:01,02:02
0.00177,B,DPB1,44:03,01:01
0.00167,B,DPB1,35:08,04:01
0.00167,B,DPB1,13:02,14:01
0.00167,B,DPB1,39:01,03:01
0.00167,B,DPB1,49:01,01:01
0.00167,B,DPB1,35:01,26:01
0.00167,B,DPB1,27:05,09:01
0.00167,B,DPB1,51:01,18:01
0.00167,B,DPB1,55:01,09:02
0.00167,B,DPB1,52:01,17:01
0.00167,B,DPB1,15:06,01:01
0.00167,B,DPB1,44:02,09:01
0.00167,B,DPB1,39:10,04:02
0.00167,B,DPB1,53:01,04:02
0.00167,B,DPB1,27:04,02:01
0.00167,B,DPB1,81:01,06:01
0.00167,B,DPB1,13:02,10:01
0.00167,B,DPB1,37:01,03:01
0.00167,B,DPB1,15:02,03:01
0.00167,B,DPB1,53:01,40:01
0.00167,B,DPB1,51:08,04:01
0.00167,B,DPB1,07:02,30:01
0.00167,B,DPB1,47:01,17:01
0.00167,B,DPB1,41:02,04:01
0.00167,B,DPB1,78:01,01:01
0.00167,B,DPB1,38:01,14:01
0.00167,B,DPB1,44:05,10:01
0.00167,B,DPB1,44:05,04:01
0.00167,B,DPB1,13:02,09:02
0.00167,B,DPB1,39:06,09:02
0.00167,B,DPB1,15:16,14:01
0.00167,B,DPB1,15:32,01:01
0.00167,B,DPB1,35:32,14:01
0.00167,B,DPB1,45:01,11:01
0.00167,B,DPB1,40:01,16:01
0.00167,B,DPB1,49:01,18:01
0.00167,B,DPB1,39:01,08:02
0.00167,B,DPB1,51:01,06:01
0.00167,B,DPB1,40:01,05:01
0.00167,B,DPB1,07:05,09:02
0.00167,B,DPB1,58:01,11:01
0.00167,B,DPB1,55:01,01:01
0.00167,B,DPB1,27:02,03:01
0.00167,B,DPB1,57:03,04:01
0.00167,B,DPB1,35:08,10:01
0.00167,B,DPB1,82:01,17:01
0.00167,B,DPB1,35:01,08:02
0.00167,B,DPB1,42:01,11:01
0.00167,B,DPB1,55:01,05:01
0.00167,B,DPB1,15:03,09:02
0.00167,B,DPB1,35:08,09:02
0.00167,B,DPB1,40:02,15:01
0.00167,B,DPB1,14:01,10:01
0.00167,B,DPB1,18:01,14:01
0.00167,B,DPB1,15:15,04:02
0.00167,B,DPB1,48:01,04:02
0.00167,B,DPB1,15:30,04:02
0.00167,B,DPB1,41:01,09:02
0.00167,B,DPB1,40:08,04:02
0.00167,B,DPB1,27:02,04:02
0.00167,B,DPB1,44:02,13:02
0.00167,B,DPB1,27:03,02:02
0.00167,B,DPB1,07:05,02:01
0.00167,B,DPB1,55:01,20:01
0.00167,B,DPB1,39:02,04:02
0.00167,B,DPB1,40:01,11:01
0.00167,B,DPB1,41:01,03:01
0.00167,B,DPB1,57:03,02:01
0.00167,B,DPB1,15:03,17:01
0.00167,B,DPB1,39:06,14:01
0.00167,B,DPB1,58:01,04:02
0.00167,B,DPB1,40:02,01:01
0.00167,B,DPB1,07:02,15:01
0.00167,B,DPB1,53:01,11:01
0.00167,B,DPB1,15:10,02:01
0.00167,B,DPB1,41:02,10:01
0.00167,B,DPB1,41:01,08:02
0.00167,B,DPB1,56:01,09:01
0.00167,B,DPB1,27:05,14:01
0.00167,B,DPB1,53:01,06:01
0.00167,B,DPB1,39:01,02:01
0.00167,B,DPB1,55:01,06:01
0.00167,B,DPB1,49:01,10:01
0.00167,B,DPB1,50:01,11:01
0.00167,B,DPB1,44:03,10:01
0.00167,B,DPB1,40:05,03:01
0.00167,B,DPB1,55:01,17:01
0.00167,B,DPB1,58:01,05:01
0.00167,B,DPB1,15:17,04:01
0.00167,B,DPB1,53:01,03:01
0.00167,B,DPB1,57:02,01:01
0.00167,B,DPB1,15:10,17:01
0.00167,B,DPB1,50:01,04:02
0.00167,B,DPB1,35:08,02:01
0.00146,B,DPB1,14:02,02:02
0.00124,B,DPB1,35:17,05:01
0.00078,B,DPB1,45:01,17:01
6.00E-05,B,DPB1,40:02,03:01
0.12248,DRB1,DQA1,03:01,05:01
0.10736,DRB1,DQA1,15:01,01:02
0.10067,DRB1,DQA1,07:01,02:01
0.08054,DRB1,DQA1,04:01,03:01
0.06879,DRB1,DQA1,01:01,01:01
0.04866,DRB1,DQA1,11:01,05:01
0.04362,DRB1,DQA1,13:01,01:03
0.04027,DRB1,DQA1,13:02,01:02
0.03691,DRB1,DQA1,04:04,03:01
0.0302,DRB1,DQA1,14:01,01:01
0.02181,DRB1,DQA1,11:04,05:01
0.02013,DRB1,DQA1,08:01,04:01
0.02013,DRB1,DQA1,04:03,03:01
0.02013,DRB1,DQA1,04:07,03:01
0.01846,DRB1,DQA1,16:01,01:02
0.01846,DRB1,DQA1,12:01,05:01
0.01678,DRB1,DQA1,11:02,05:01
0.01342,DRB1,DQA1,15:03,01:02
0.01174,DRB1,DQA1,01:02,01:01
0.01174,DRB1,DQA1,08:02,04:01
0.01174,DRB1,DQA1,13:03,05:01
0.01174,DRB1,DQA1,04:05,03:01
0.01007,DRB1,DQA1,11:03,05:01
0.01007,DRB1,DQA1,09:01,03:01
0.01007,DRB1,DQA1,04:02,03:01
0.00839,DRB1,DQA1,01:03,01:01
0.00671,DRB1,DQA1,11:01,01:02
0.00503,DRB1,DQA1,12:01,01:01
0.00503,DRB1,DQA1,13:03,02:01
0.00503,DRB1,DQA1,10:01,01:01
0.00502,DRB1,DQA1,15:02,01:03
0.00338,DRB1,DQA1,15:01,01:03
0.00336,DRB1,DQA1,13:01,01:01
0.00336,DRB1,DQA1,08:01,04:02
0.00336,DRB1,DQA1,04:08,03:01
0.00336,DRB1,DQA1,14:02,05:01
0.00336,DRB1,DQA1,14:06,05:01
0.0017,DRB1,DQA1,15:02,01:02
0.00168,DRB1,DQA1,13:01,01:02
0.00168,DRB1,DQA1,01:01,01:02
0.00168,DRB1,DQA1,15:01,01:01
0.00168,DRB1,DQA1,03:01,01:02
0.00168,DRB1,DQA1,13:01,03:01
0.00168,DRB1,DQA1,07:01,03:01
0.00168,DRB1,DQA1,08:01,06:01
0.00168,DRB1,DQA1,08:01,01:02
0.00168,DRB1,DQA1,14:02,03:01
0.00168,DRB1,DQA1,01:03,05:01
0.00168,DRB1,DQA1,08:04,04:01
0.00168,DRB1,DQA1,12:02,06:01
0.00168,DRB1,DQA1,04:04,01:01
0.00168,DRB1,DQA1,03:02,04:01
0.00168,DRB1,DQA1,08:04,05:01
0.00168,DRB1,DQA1,04:23,03:01
0.00168,DRB1,DQA1,04:11,03:01
0.00168,DRB1,DQA1,13:05,01:01
0.00168,DRB1,DQA1,14:20,05:01
0.00168,DRB1,DQA1,08:06,01:02
0.00168,DRB1,DQA1,08:03,06:01
0.00168,DRB1,DQA1,04:05,01:01
0.12121,DRB1,DQB1,03:01,02:01
0.10943,DRB1,DQB1,15:01,06:02
0.07071,DRB1,DQB1,01:01,05:01
0.07067,DRB1,DQB1,07:01,02:01
0.05822,DRB1,DQB1,04:01,03:01
0.04544,DRB1,DQB1,11:01,03:01
0.04209,DRB1,DQB1,13:01,06:03
0.03704,DRB1,DQB1,04:04,03:02
0.0303,DRB1,DQB1,14:01,05:03
0.02862,DRB1,DQB1,07:01,03:03
0.02862,DRB1,DQB1,13:02,06:04
0.02357,DRB1,DQB1,08:01,04:02
0.02259,DRB1,DQB1,04:01,03:02
0.02189,DRB1,DQB1,11:04,03:01
0.01852,DRB1,DQB1,12:01,03:01
0.01852,DRB1,DQB1,16:01,05:02
0.01845,DRB1,DQB1,04:03,03:02
0.01515,DRB1,DQB1,11:02,03:01
0.01243,DRB1,DQB1,04:07,03:01
0.01178,DRB1,DQB1,01:02,05:01
0.01178,DRB1,DQB1,15:03,06:02
0.01178,DRB1,DQB1,08:02,04:02
0.01178,DRB1,DQB1,13:03,03:01
0.0101,DRB1,DQB1,11:03,03:01
0.0101,DRB1,DQB1,04:02,03:02
0.0101,DRB1,DQB1,13:02,06:05
0.00842,DRB1,DQB1,04:05,03:02
0.00842,DRB1,DQB1,01:03,05:01
0.00777,DRB1,DQB1,04:07,03:02
0.00673,DRB1,DQB1,11:01,06:02
0.00505,DRB1,DQB1,12:01,05:01
0.00505,DRB1,DQB1,09:01,02:01
0.00505,DRB1,DQB1,13:03,02:01
0.00505,DRB1,DQB1,09:01,03:03
0.00505,DRB1,DQB1,15:02,06:01
0.00505,DRB1,DQB1,10:01,05:01
0.00337,DRB1,DQB1,13:01,05:01
0.00337,DRB1,DQB1,08:04,03:01
0.00337,DRB1,DQB1,04:08,03:01
0.00337,DRB1,DQB1,14:02,03:01
0.00337,DRB1,DQB1,14:06,03:01
0.00176,DRB1,DQB1,04:03,03:01
0.00173,DRB1,DQB1,11:01,02:01
0.00173,DRB1,DQB1,07:01,03:02
0.00169,DRB1,DQB1,03:01,03:01
0.00168,DRB1,DQB1,08:01,03:01
0.00168,DRB1,DQB1,13:01,06:04
0.00168,DRB1,DQB1,14:02,03:02
0.00168,DRB1,DQB1,15:01,05:03
0.00168,DRB1,DQB1,15:03,05:01
0.00168,DRB1,DQB1,12:02,03:01
0.00168,DRB1,DQB1,13:02,05:01
0.00168,DRB1,DQB1,14:20,03:01
0.00168,DRB1,DQB1,13:01,03:03
0.00168,DRB1,DQB1,15:01,06:03
0.00168,DRB1,DQB1,13:01,05:03
0.00168,DRB1,DQB1,15:02,05:02
0.00168,DRB1,DQB1,11:02,02:01
0.00168,DRB1,DQB1,04:05,05:01
0.00168,DRB1,DQB1,03:02,04:02
0.00168,DRB1,DQB1,01:03,03:02
0.00168,DRB1,DQB1,04:23,03:04
0.00168,DRB1,DQB1,04:11,03:02
0.00168,DRB1,DQB1,08:06,06:02
0.00168,DRB1,DQB1,13:05,05:01
0.00168,DRB1,DQB1,04:05,02:01
0.00168,DRB1,DQB1,08:03,03:01
0.00168,DRB1,DQB1,08:01,06:02
0.00168,DRB1,DQB1,04:05,04:02
0.00168,DRB1,DQB1,07:01,06:02
0.00165,DRB1,DQB1,11:01,03:02
0.07731,DRB1,DPB1,15:01,04:01
0.06074,DRB1,DPB1,04:01,04:01
0.04159,DRB1,DPB1,07:01,04:01
0.04126,DRB1,DPB1,01:01,04:01
0.03476,DRB1,DPB1,03:01,01:01
0.03122,DRB1,DPB1,03:01,04:01
0.02937,DRB1,DPB1,11:01,04:01
0.0209,DRB1,DPB1,03:01,02:01
0.01856,DRB1,DPB1,03:01,03:01
0.01726,DRB1,DPB1,13:01,02:01
0.01553,DRB1,DPB1,08:01,04:01
0.01549,DRB1,DPB1,14:01,04:01
0.01465,DRB1,DPB1,07:01,17:01
0.01342,DRB1,DPB1,11:04,04:02
0.01196,DRB1,DPB1,03:01,04:02
0.01159,DRB1,DPB1,04:04,04:01
0.01065,DRB1,DPB1,07:01,02:01
0.01007,DRB1,DPB1,04:03,04:01
0.01007,DRB1,DPB1,08:02,04:02
0.01,DRB1,DPB1,04:07,03:01
0.00981,DRB1,DPB1,15:01,02:01
0.00946,DRB1,DPB1,07:01,04:02
0.00935,DRB1,DPB1,01:01,03:01
0.00928,DRB1,DPB1,04:04,04:02
0.00853,DRB1,DPB1,04:04,03:01
0.00845,DRB1,DPB1,13:01,04:01
0.00839,DRB1,DPB1,04:03,04:02
0.00839,DRB1,DPB1,13:02,02:01
0.00832,DRB1,DPB1,15:01,05:01
0.00788,DRB1,DPB1,11:01,03:01
0.00777,DRB1,DPB1,16:01,04:02
0.00775,DRB1,DPB1,04:01,04:02
0.00745,DRB1,DPB1,01:01,04:02
0.00734,DRB1,DPB1,07:01,01:01
0.00671,DRB1,DPB1,07:01,11:01
0.00657,DRB1,DPB1,04:05,01:01
0.00655,DRB1,DPB1,13:02,04:01
0.00594,DRB1,DPB1,14:01,04:02
0.00591,DRB1,DPB1,04:01,03:01
0.00575,DRB1,DPB1,13:01,04:02
0.00571,DRB1,DPB1,16:01,04:01
0.0055,DRB1,DPB1,11:01,01:01
0.00544,DRB1,DPB1,11:01,02:01
0.00533,DRB1,DPB1,15:01,01:01
0.0052,DRB1,DPB1,13:02,03:01
0.00503,DRB1,DPB1,15:03,18:01
0.00503,DRB1,DPB1,13:01,01:01
0.00503,DRB1,DPB1,04:04,06:01
0.00503,DRB1,DPB1,12:01,01:01
0.00503,DRB1,DPB1,13:02,11:01
0.00503,DRB1,DPB1,01:03,04:01
0.00503,DRB1,DPB1,01:01,02:01
0.00502,DRB1,DPB1,07:01,03:01
0.00483,DRB1,DPB1,08:01,03:01
0.00472,DRB1,DPB1,07:01,10:01
0.00457,DRB1,DPB1,11:02,01:01
0.00418,DRB1,DPB1,12:01,03:01
0.00397,DRB1,DPB1,12:01,04:02
0.00385,DRB1,DPB1,04:02,04:01
0.00381,DRB1,DPB1,11:01,17:01
0.00366,DRB1,DPB1,03:01,09:02
0.0035,DRB1,DPB1,04:05,04:01
0.00336,DRB1,DPB1,01:02,14:01
0.00336,DRB1,DPB1,09:01,17:01
0.00336,DRB1,DPB1,13:03,01:01
0.00336,DRB1,DPB1,01:02,09:02
0.00336,DRB1,DPB1,04:02,02:01
0.00336,DRB1,DPB1,12:01,02:01
0.00336,DRB1,DPB1,15:03,02:01
0.00336,DRB1,DPB1,15:03,04:02
0.00336,DRB1,DPB1,15:01,06:01
0.00336,DRB1,DPB1,16:01,10:01
0.00336,DRB1,DPB1,01:01,10:01
0.00336,DRB1,DPB1,15:01,09:02
0.00336,DRB1,DPB1,04:08,04:01
0.00322,DRB1,DPB1,15:02,02:01
0.0032,DRB1,DPB1,13:01,14:01
0.00318,DRB1,DPB1,04:07,04:02
0.00315,DRB1,DPB1,11:03,04:02
0.00313,DRB1,DPB1,08:01,14:01
0.00312,DRB1,DPB1,11:04,01:01
0.0031,DRB1,DPB1,03:01,02:02
0.00307,DRB1,DPB1,11:03,02:01
0.00298,DRB1,DPB1,13:02,04:02
0.00298,DRB1,DPB1,13:02,10:01
0.00297,DRB1,DPB1,11:02,04:02
0.00295,DRB1,DPB1,15:01,14:01
0.00286,DRB1,DPB1,11:04,04:01
0.0028,DRB1,DPB1,13:01,20:01
0.00278,DRB1,DPB1,14:02,04:02
0.00274,DRB1,DPB1,12:01,05:01
0.00262,DRB1,DPB1,13:03,02:01
0.00255,DRB1,DPB1,04:01,05:01
0.00253,DRB1,DPB1,11:02,02:01
0.00243,DRB1,DPB1,13:02,01:01
0.00243,DRB1,DPB1,11:03,04:01
0.00241,DRB1,DPB1,13:03,04:01
0.00241,DRB1,DPB1,11:04,02:01
0.00229,DRB1,DPB1,13:01,05:01
0.00227,DRB1,DPB1,01:01,01:01
0.00225,DRB1,DPB1,14:02,03:01
0.00223,DRB1,DPB1,04:04,20:01
0.00223,DRB1,DPB1,15:02,04:01
0.0022,DRB1,DPB1,07:01,09:02
0.00219,DRB1,DPB1,13:01,03:01
0.00206,DRB1,DPB1,14:01,10:01
0.00201,DRB1,DPB1,04:07,04:01
0.00199,DRB1,DPB1,15:01,10:01
0.0019,DRB1,DPB1,04:01,14:01
0.00176,DRB1,DPB1,01:01,06:01
0.00168,DRB1,DPB1,01:02,04:02
0.00168,DRB1,DPB1,13:01,06:01
0.00168,DRB1,DPB1,12:01,26:01
0.00168,DRB1,DPB1,08:01,09:01
0.00168,DRB1,DPB1,15:03,01:01
0.00168,DRB1,DPB1,13:01,17:01
0.00168,DRB1,DPB1,13:03,17:01
0.00168,DRB1,DPB1,01:03,04:02
0.00168,DRB1,DPB1,14:01,09:01
0.00168,DRB1,DPB1,08:04,27:01
0.00168,DRB1,DPB1,04:03,06:01
0.00168,DRB1,DPB1,09:01,03:01
0.00168,DRB1,DPB1,12:02,04:02
0.00168,DRB1,DPB1,09:01,40:01
0.00168,DRB1,DPB1,04:04,10:01
0.00168,DRB1,DPB1,14:20,04:01
0.00168,DRB1,DPB1,11:02,27:01
0.00168,DRB1,DPB1,13:03,30:01
0.00168,DRB1,DPB1,14:01,09:02
0.00168,DRB1,DPB1,08:01,20:01
0.00168,DRB1,DPB1,14:06,09:02
0.00168,DRB1,DPB1,04:07,02:01
0.00168,DRB1,DPB1,14:06,14:01
0.00168,DRB1,DPB1,13:02,16:01
0.00168,DRB1,DPB1,12:01,08:02
0.00168,DRB1,DPB1,11:02,15:01
0.00168,DRB1,DPB1,04:07,05:01
0.00168,DRB1,DPB1,03:02,17:01
0.00168,DRB1,DPB1,01:03,08:02
0.00168,DRB1,DPB1,08:04,11:01
0.00168,DRB1,DPB1,11:02,09:02
0.00168,DRB1,DPB1,01:03,02:01
0.00168,DRB1,DPB1,10:01,15:01
0.00168,DRB1,DPB1,10:01,10:01
0.00168,DRB1,DPB1,04:23,04:01
0.00168,DRB1,DPB1,04:11,04:02
0.00168,DRB1,DPB1,04:01,13:02
0.00168,DRB1,DPB1,08:06,04:01
0.00168,DRB1,DPB1,01:02,01:01
0.00168,DRB1,DPB1,01:02,02:02
0.00168,DRB1,DPB1,13:03,04:02
0.00168,DRB1,DPB1,10:01,02:01
0.00168,DRB1,DPB1,13:02,15:01
0.00168,DRB1,DPB1,13:05,17:01
0.00168,DRB1,DPB1,09:01,02:01
0.00168,DRB1,DPB1,13:03,11:01
0.00168,DRB1,DPB1,14:01,15:01
0.00168,DRB1,DPB1,04:05,08:02
0.00168,DRB1,DPB1,13:02,09:01
0.00168,DRB1,DPB1,13:03,03:01
0.00168,DRB1,DPB1,09:01,04:02
0.00168,DRB1,DPB1,08:03,05:01
0.00168,DRB1,DPB1,14:01,17:01
0.00168,DRB1,DPB1,11:02,14:01
0.00168,DRB1,DPB1,11:01,18:01
0.00168,DRB1,DPB1,08:02,02:01
0.00168,DRB1,DPB1,04:02,05:01
0.00168,DRB1,DPB1,13:02,06:01
0.00168,DRB1,DPB1,04:05,14:01
0.00159,DRB1,DPB1,04:07,06:01
0.00142,DRB1,DPB1,11:03,05:01
0.00126,DRB1,DPB1,15:02,01:01
0.00119,DRB1,DPB1,04:02,04:02
0.00114,DRB1,DPB1,11:01,05:01
0.00095,DRB1,DPB1,16:01,02:01
0.00085,DRB1,DPB1,12:01,09:02
0.00067,DRB1,DPB1,16:01,01:01
0.00056,DRB1,DPB1,11:01,14:01
0.00025,DRB1,DPB1,04:04,02:02
0.13742,DQA1,DQB1,05:01,03:01
0.12875,DQA1,DQB1,01:02,06:02
0.12345,DQA1,DQB1,05:01,02:01
0.10867,DQA1,DQB1,03:01,03:02
0.10676,DQA1,DQB1,01:01,05:01
0.07283,DQA1,DQB1,02:01,02:01
0.07161,DQA1,DQB1,03:01,03:01
0.04012,DQA1,DQB1,01:03,06:03
0.03344,DQA1,DQB1,04:01,04:02
0.03083,DQA1,DQB1,02:01,03:03
0.03034,DQA1,DQB1,01:01,05:03
0.0301,DQA1,DQB1,01:02,06:04
0.02007,DQA1,DQB1,01:02,05:02
0.01108,DQA1,DQB1,03:01,02:01
0.01003,DQA1,DQB1,01:02,06:05
0.00596,DQA1,DQB1,03:01,03:03
0.00502,DQA1,DQB1,01:02,05:01
0.00502,DQA1,DQB1,06:01,03:01
0.00502,DQA1,DQB1,01:03,06:01
0.00337,DQA1,DQB1,02:01,03:02
0.00334,DQA1,DQB1,04:02,04:02
0.0031,DQA1,DQB1,01:03,05:03
0.00193,DQA1,DQB1,01:03,05:01
0.00168,DQA1,DQB1,01:01,06:03
0.00168,DQA1,DQB1,01:01,06:02
0.00168,DQA1,DQB1,04:01,03:01
0.00168,DQA1,DQB1,03:01,04:02
0.00168,DQA1,DQB1,01:02,06:03
0.00168,DQA1,DQB1,01:03,06:02
0.00167,DQA1,DQB1,03:01,03:04
0.10437,DQA1,DPB1,03:01,04:01
0.09479,DQA1,DPB1,01:02,04:01
0.06577,DQA1,DPB1,01:01,04:01
0.05885,DQA1,DPB1,05:01,04:01
0.04943,DQA1,DPB1,05:01,04:02
0.04294,DQA1,DPB1,05:01,02:01
0.04235,DQA1,DPB1,05:01,01:01
0.03798,DQA1,DPB1,05:01,03:01
0.03522,DQA1,DPB1,02:01,04:01
0.02959,DQA1,DPB1,03:01,04:02
0.02762,DQA1,DPB1,03:01,03:01
0.01954,DQA1,DPB1,01:03,02:01
0.01867,DQA1,DPB1,01:02,02:01
0.01705,DQA1,DPB1,01:01,04:02
0.01622,DQA1,DPB1,01:02,04:02
0.01534,DQA1,DPB1,01:01,01:01
0.015,DQA1,DPB1,02:01,17:01
0.0142,DQA1,DPB1,04:01,04:01
0.0138,DQA1,DPB1,01:01,02:01
0.01375,DQA1,DPB1,02:01,01:01
0.01237,DQA1,DPB1,02:01,02:01
0.0118,DQA1,DPB1,01:03,04:01
0.01086,DQA1,DPB1,01:02,01:01
0.00912,DQA1,DPB1,01:02,05:01
0.00833,DQA1,DPB1,02:01,11:01
0.00778,DQA1,DPB1,03:01,06:01
0.00761,DQA1,DPB1,03:01,01:01
0.00714,DQA1,DPB1,04:01,04:02
0.00712,DQA1,DPB1,01:01,10:01
0.00707,DQA1,DPB1,05:01,09:02
0.00667,DQA1,DPB1,01:02,18:01
0.00667,DQA1,DPB1,01:01,17:01
0.00652,DQA1,DPB1,01:03,04:02
0.00622,DQA1,DPB1,01:02,10:01
0.00615,DQA1,DPB1,05:01,05:01
0.00572,DQA1,DPB1,02:01,04:02
0.00521,DQA1,DPB1,01:02,03:01
0.005,DQA1,DPB1,01:01,09:02
0.005,DQA1,DPB1,05:01,02:02
0.005,DQA1,DPB1,01:02,11:01
0.005,DQA1,DPB1,01:01,15:01
0.005,DQA1,DPB1,03:01,17:01
0.00496,DQA1,DPB1,03:01,14:01
0.00483,DQA1,DPB1,02:01,03:01
0.00455,DQA1,DPB1,02:01,14:01
0.00438,DQA1,DPB1,01:02,14:01
0.00426,DQA1,DPB1,01:01,03:01
0.00425,DQA1,DPB1,02:01,10:01
0.00413,DQA1,DPB1,03:01,05:01
0.00392,DQA1,DPB1,01:02,09:01
0.00367,DQA1,DPB1,01:02,06:01
0.00361,DQA1,DPB1,01:02,09:02
0.00356,DQA1,DPB1,05:01,06:01
0.00344,DQA1,DPB1,04:01,03:01
0.00343,DQA1,DPB1,01:03,01:01
0.00333,DQA1,DPB1,01:02,08:02
0.00311,DQA1,DPB1,01:03,20:01
0.00308,DQA1,DPB1,01:03,14:01
0.00303,DQA1,DPB1,04:01,14:01
0.00268,DQA1,DPB1,03:01,02:01
0.00265,DQA1,DPB1,02:01,09:02
0.00242,DQA1,DPB1,03:01,10:01
0.00219,DQA1,DPB1,03:01,20:01
0.00167,DQA1,DPB1,05:01,26:01
0.00167,DQA1,DPB1,01:03,17:01
0.00167,DQA1,DPB1,04:02,03:01
0.00167,DQA1,DPB1,05:01,27:01
0.00167,DQA1,DPB1,05:01,30:01
0.00167,DQA1,DPB1,04:02,06:01
0.00167,DQA1,DPB1,04:01,17:01
0.00167,DQA1,DPB1,01:03,08:02
0.00167,DQA1,DPB1,05:01,11:01
0.00167,DQA1,DPB1,01:02,15:01
0.00167,DQA1,DPB1,01:01,05:01
0.00167,DQA1,DPB1,04:01,27:01
0.00167,DQA1,DPB1,05:01,16:01
0.00167,DQA1,DPB1,06:01,04:01
0.00167,DQA1,DPB1,03:01,40:01
0.00167,DQA1,DPB1,06:01,10:01
0.00167,DQA1,DPB1,06:01,03:01
0.00167,DQA1,DPB1,01:02,13:02
0.00141,DQA1,DPB1,04:01,05:01
0.00137,DQA1,DPB1,04:01,20:01
0.00108,DQA1,DPB1,04:01,09:01
0.00086,DQA1,DPB1,01:03,05:01
0.08315,DQB1,DPB1,03:01,04:01
0.07711,DQB1,DPB1,06:02,04:01
0.05297,DQB1,DPB1,05:01,04:01
0.04856,DQB1,DPB1,03:02,04:01
0.046924,DQB1,DPB1,02:01,04:01
0.04634,DQB1,DPB1,03:01,04:02
0.04548,DQB1,DPB1,02:01,01:01
0.03292,DQB1,DPB1,03:01,03:01
0.02989,DQB1,DPB1,02:01,02:01
0.02386,DQB1,DPB1,03:03,04:01
0.02341,DQB1,DPB1,02:01,17:01
0.02142,DQB1,DPB1,02:01,03:01
0.02136,DQB1,DPB1,03:02,04:02
0.01985,DQB1,DPB1,03:01,02:01
0.01929,DQB1,DPB1,02:01,04:02
0.01714,DQB1,DPB1,04:02,04:01
0.01669,DQB1,DPB1,06:03,02:01
0.01575,DQB1,DPB1,05:01,01:01
0.01346,DQB1,DPB1,03:02,03:01
0.01264,DQB1,DPB1,06:02,02:01
0.01213,DQB1,DPB1,05:03,04:01
0.01098,DQB1,DPB1,03:01,01:01
0.00988,DQB1,DPB1,05:01,04:02
0.00903,DQB1,DPB1,05:01,02:01
0.00865,DQB1,DPB1,03:01,05:01
0.00853,DQB1,DPB1,06:04,04:01
0.00837,DQB1,DPB1,06:02,05:01
0.00746,DQB1,DPB1,05:02,04:01
0.00742,DQB1,DPB1,03:02,06:01
0.00703,DQB1,DPB1,04:02,04:02
0.00692,DQB1,DPB1,06:02,01:01
0.00669,DQB1,DPB1,02:01,11:01
0.00669,DQB1,DPB1,05:01,17:01
0.00669,DQB1,DPB1,06:02,18:01
0.00657,DQB1,DPB1,06:03,04:01
0.00632,DQB1,DPB1,03:02,01:01
0.00613,DQB1,DPB1,06:03,04:02
0.00606,DQB1,DPB1,05:03,04:02
0.00589,DQB1,DPB1,06:02,04:02
0.00588,DQB1,DPB1,02:01,09:02
0.00574,DQB1,DPB1,03:02,14:01
0.00564,DQB1,DPB1,03:03,03:01
0.00522,DQB1,DPB1,05:03,02:01
0.00502,DQB1,DPB1,04:02,01:01
0.00502,DQB1,DPB1,02:01,02:02
0.00502,DQB1,DPB1,06:05,02:01
0.00502,DQB1,DPB1,05:01,10:01
0.00469,DQB1,DPB1,05:02,04:02
0.00449,DQB1,DPB1,05:01,03:01
0.00439,DQB1,DPB1,06:04,03:01
0.00367,DQB1,DPB1,06:04,04:02
0.00356,DQB1,DPB1,03:01,09:02
0.00349,DQB1,DPB1,06:02,14:01
0.00348,DQB1,DPB1,06:04,02:01
0.00334,DQB1,DPB1,06:04,06:01
0.00334,DQB1,DPB1,04:02,14:01
0.00334,DQB1,DPB1,06:05,11:01
0.00334,DQB1,DPB1,03:01,06:01
0.00334,DQB1,DPB1,05:01,15:01
0.00334,DQB1,DPB1,06:02,09:02
0.00334,DQB1,DPB1,05:03,10:01
0.00333,DQB1,DPB1,05:02,10:01
0.00326,DQB1,DPB1,06:03,03:01
0.00326,DQB1,DPB1,03:02,02:01
0.0032,DQB1,DPB1,06:03,14:01
0.00313,DQB1,DPB1,06:01,02:01
0.00309,DQB1,DPB1,06:03,20:01
0.00307,DQB1,DPB1,03:03,10:01
0.00303,DQB1,DPB1,05:01,09:02
0.00287,DQB1,DPB1,06:03,05:01
0.00261,DQB1,DPB1,06:02,06:01
0.00245,DQB1,DPB1,03:03,14:01
0.00232,DQB1,DPB1,03:02,05:01
0.00207,DQB1,DPB1,05:03,01:01
0.00195,DQB1,DPB1,06:02,10:01
0.00193,DQB1,DPB1,03:02,20:01
0.00192,DQB1,DPB1,03:01,27:01
0.00189,DQB1,DPB1,06:01,04:01
0.00185,DQB1,DPB1,05:01,14:01
0.00169,DQB1,DPB1,02:01,10:01
0.00167,DQB1,DPB1,03:01,26:01
0.00167,DQB1,DPB1,04:02,09:01
0.00167,DQB1,DPB1,05:03,09:01
0.00167,DQB1,DPB1,05:01,40:01
0.00167,DQB1,DPB1,03:02,10:01
0.00167,DQB1,DPB1,03:01,30:01
0.00167,DQB1,DPB1,03:01,11:01
0.00167,DQB1,DPB1,06:03,08:02
0.00167,DQB1,DPB1,06:04,11:01
0.00167,DQB1,DPB1,06:04,15:01
0.00167,DQB1,DPB1,05:03,15:01
0.00167,DQB1,DPB1,02:01,08:02
0.00167,DQB1,DPB1,06:04,09:01
0.00167,DQB1,DPB1,06:05,10:01
0.00167,DQB1,DPB1,04:02,20:01
0.00167,DQB1,DPB1,06:04,16:01
0.00167,DQB1,DPB1,05:02,08:02
0.00167,DQB1,DPB1,03:04,04:02
0.00167,DQB1,DPB1,03:03,11:01
0.00167,DQB1,DPB1,06:02,13:02
0.00143,DQB1,DPB1,06:02,27:01
0.00138,DQB1,DPB1,04:02,03:01
0.00131,DQB1,DPB1,05:02,09:02
0.00127,DQB1,DPB1,05:03,09:02
0.0012,DQB1,DPB1,04:02,05:01
0.00111,DQB1,DPB1,05:02,01:01
5.00E-04,DQB1,DPB1,05:02,02:01
9.00E-05,DQB1,DPB1,03:03,04:02
